"","path","file","name","Nom scientifique / Autorité","latin.name"
"1","9 me´sange charbonnie`re - e´tourneau roselin/19 (Copy of grimpereau des jardins).mp3","19 (Copy of grimpereau des jardins).mp3","(copy of grimpereau des jardins)",NA,"certhia brachydactyla"
"2","4 petit gravelot - goe´land a` ailes blanches/17a Be´casseau semipalme´.mp3","17a Be´casseau semipalme´.mp3","a be´casseau semipalme´",NA,NA
"3","4 petit gravelot - goe´land a` ailes blanches/25a Be´cassin a` long bec.mp3","25a Be´cassin a` long bec.mp3","a be´cassin a` long bec",NA,NA
"4","4 petit gravelot - goe´land a` ailes blanches/24a Chevalier criard.mp3","24a Chevalier criard.mp3","a chevalier criard",NA,NA
"5","4 petit gravelot - goe´land a` ailes blanches/20a Chevalier grivele´.mp3","20a Chevalier grivele´.mp3","a chevalier grivele´",NA,NA
"6","4 petit gravelot - goe´land a` ailes blanches/2a Gravelot kildir.mp3","2a Gravelot kildir.mp3","a gravelot kildir",NA,NA
"7","8 fauvette orphe´e - gobemouche a` demi-collier/36a Pouillot ve´loce tristis.mp3","36a Pouillot ve´loce tristis.mp3","a pouillot ve´loce tristis",NA,NA
"8","7 bergeronnette grise - fauvette a` te^te noire/09 accenteur alpin.mp3","09 accenteur alpin.mp3","accenteur alpin","Prunella collaris (Scopoli, 1769)","Prunella collaris"
"9","7 bergeronnette grise - fauvette a` te^te noire/08 accenteur mouchet.mp3","08 accenteur mouchet.mp3","accenteur mouchet","Prunella modularis (Linnaeus, 1758)","Prunella modularis"
"10","7 bergeronnette grise - fauvette a` te^te noire/13 agrobate roux.mp3","13 agrobate roux.mp3","agrobate roux","Cercotrichas galactotes (Temminck, 1820)","Cercotrichas galactotes"
"11","1 plongeon catmarin - tadorne casarca/27 aigrette garzette.mp3","27 aigrette garzette.mp3","aigrette garzette","Egretta garzetta (Linnaeus, 1766)","Egretta garzetta"
"12","6 huppe fascie´e - pipit a` gorge rousse/30 alouette bilophe.mp3","30 alouette bilophe.mp3","alouette bilophe",NA,"eremophila bilopha"
"13","6 huppe fascie´e - pipit a` gorge rousse/27 alouette calandre.mp3","27 alouette calandre.mp3","alouette calandre","Melanocorypha calandra (Linnaeus, 1766)","Melanocorypha calandra"
"14","6 huppe fascie´e - pipit a` gorge rousse/23 alouette calandrelle.mp3","23 alouette calandrelle.mp3","alouette calandrelle","Calandrella brachydactyla (Leisler, 1814)","Calandrella brachydactyla"
"15","6 huppe fascie´e - pipit a` gorge rousse/28 alouette de Clotbey.mp3","28 alouette de Clotbey.mp3","alouette de clotbey",NA,"ramphocoris clotbey"
"16","6 huppe fascie´e - pipit a` gorge rousse/19 alouette des champs.mp3","19 alouette des champs.mp3","alouette des champs","Alauda arvensis Linnaeus, 1758","Alauda arvensis"
"17","6 huppe fascie´e - pipit a` gorge rousse/29 alouette haussecol.mp3","29 alouette haussecol.mp3","alouette haussecol","Eremophila alpestris (Linnaeus, 1758)","Eremophila alpestris"
"18","6 huppe fascie´e - pipit a` gorge rousse/22 alouette lulu.mp3","22 alouette lulu.mp3","alouette lulu","Lullula arborea (Linnaeus, 1758)","Lullula arborea"
"19","6 huppe fascie´e - pipit a` gorge rousse/24 alouette pispolette.mp3","24 alouette pispolette.mp3","alouette pispolette","Alaudala rufescens (Vieillot, 1819)","Alaudala rufescens"
"20","6 huppe fascie´e - pipit a` gorge rousse/26 ammomane e´le´gante.mp3","26 ammomane e´le´gante.mp3","ammomane e´le´gante","Ammomanes cinctura (Gould, 1839)","Ammomanes cinctura"
"21","6 huppe fascie´e - pipit a` gorge rousse/25 ammomane isabelle.mp3","25 ammomane isabelle.mp3","ammomane isabelle",NA,"ammomanes deserti"
"22","2 canard mandarin - autour sombre/22 arlequin plongeur.mp3","22 arlequin plongeur.mp3","arlequin plongeur",NA,"histrionicus histrionicus"
"23","10 loriot d'europe - bruant striole´/08 astrild ondule´.mp3","08 astrild ondule´.mp3","astrild ondule´",NA,"estrilda astrild"
"24","2 canard mandarin - autour sombre/56 autour des palombe.mp3","56 autour des palombe.mp3","autour des palombe",NA,"accipiter gentilis"
"25","2 canard mandarin - autour sombre/57 autour sombre.mp3","57 autour sombre.mp3","autour sombre",NA,"melierax metabates"
"26","3 faucon cre´cerelle - glare´ole a` collier/43 avocette e´le´gante.mp3","43 avocette e´le´gante.mp3","avocette e´le´gante","Recurvirostra avosetta Linnaeus, 1758","Recurvirostra avosetta"
"27","4 petit gravelot - goe´land a` ailes blanches/26 barge a´ queue noire.mp3","26 barge a´ queue noire.mp3","barge a´ queue noire","Limosa limosa (Linnaeus, 1758)","Limosa limosa"
"28","4 petit gravelot - goe´land a` ailes blanches/27 barge rousse.mp3","27 barge rousse.mp3","barge rousse","Limosa lapponica (Linnaeus, 1758)","Limosa lapponica"
"29","4 petit gravelot - goe´land a` ailes blanches/30 be´casse des bois.mp3","30 be´casse des bois.mp3","be´casse des bois","Scolopax rusticola Linnaeus, 1758","Scolopax rusticola"
"30","4 petit gravelot - goe´land a` ailes blanches/14 be´casseau cocorli.mp3","14 be´casseau cocorli.mp3","be´casseau cocorli","Calidris ferruginea (Pontoppidan, 1763)","Calidris ferruginea"
"31","4 petit gravelot - goe´land a` ailes blanches/16 be´casseau de Temminck.mp3","16 be´casseau de Temminck.mp3","be´casseau de temminck","Calidris temminckii (Leisler, 1812)","Calidris temminckii"
"32","4 petit gravelot - goe´land a` ailes blanches/15 be´casseau falcinelle.mp3","15 be´casseau falcinelle.mp3","be´casseau falcinelle","Calidris falcinellus (Pontoppidan, 1763)","Calidris falcinellus"
"33","4 petit gravelot - goe´land a` ailes blanches/09 be´casseau maube`che.mp3","09 be´casseau maube`che.mp3","be´casseau maube`che","Calidris canutus (Linnaeus, 1758)","Calidris canutus"
"34","4 petit gravelot - goe´land a` ailes blanches/17 be´casseau minute.mp3","17 be´casseau minute.mp3","be´casseau minute","Calidris minuta (Leisler, 1812)","Calidris minuta"
"35","4 petit gravelot - goe´land a` ailes blanches/10 be´casseau sanderling.mp3","10 be´casseau sanderling.mp3","be´casseau sanderling","Calidris alba (Pallas, 1764)","Calidris alba"
"36","4 petit gravelot - goe´land a` ailes blanches/13 be´casseau variable.mp3","13 be´casseau variable.mp3","be´casseau variable","Calidris alpina (Linnaeus, 1758)","Calidris alpina"
"37","4 petit gravelot - goe´land a` ailes blanches/11 be´casseau violet.mp3","11 be´casseau violet.mp3","be´casseau violet","Calidris maritima (Brünnich, 1764)","Calidris maritima"
"38","4 petit gravelot - goe´land a` ailes blanches/32 be´cassine des marais.mp3","32 be´cassine des marais.mp3","be´cassine des marais","Gallinago gallinago (Linnaeus, 1758)","Gallinago gallinago"
"39","4 petit gravelot - goe´land a` ailes blanches/31 be´cassine double.mp3","31 be´cassine double.mp3","be´cassine double","Gallinago media (Latham, 1787)","Gallinago media"
"40","4 petit gravelot - goe´land a` ailes blanches/33 be´cassine sourde.mp3","33 be´cassine sourde.mp3","be´cassine sourde","Lymnocryptes minimus (Brünnich, 1764)","Lymnocryptes minimus"
"41","10 loriot d'europe - bruant striole´/28 beccroise´ bifascie´.mp3","28 beccroise´ bifascie´.mp3","beccroise´ bifascie´",NA,"loxia leucoptera"
"42","10 loriot d'europe - bruant striole´/26 beccroise´ d'Ecosse.mp3","26 beccroise´ d'Ecosse.mp3","beccroise´ d'ecosse",NA,"loxia scotica"
"43","10 loriot d'europe - bruant striole´/27 beccroise´ des sapins.mp3","27 beccroise´ des sapins.mp3","beccroise´ des sapins",NA,"loxia curvirostra"
"44","10 loriot d'europe - bruant striole´/25 beccroise´ perroquet.mp3","25 beccroise´ perroquet.mp3","beccroise´ perroquet",NA,"loxia pytyopsittacus"
"45","10 loriot d'europe - bruant striole´/09 bengali rouge.mp3","09 bengali rouge.mp3","bengali rouge",NA,"amandava amandava"
"46","7 bergeronnette grise - fauvette a` te^te noire/03 bergeronnette des ruisseaux.mp3","03 bergeronnette des ruisseaux.mp3","bergeronnette des ruisseaux","Motacilla cinerea Tunstall, 1771","Motacilla cinerea"
"47","7 bergeronnette grise - fauvette a` te^te noire/01 bergeronnette grise.mp3","01 bergeronnette grise.mp3","bergeronnette grise","Motacilla alba Linnaeus, 1758","Motacilla alba"
"48","7 bergeronnette grise - fauvette a` te^te noire/02 bergeronnette printanie`re.mp3","02 bergeronnette printanie`re.mp3","bergeronnette printanie`re","Motacilla flava Linnaeus, 1758","Motacilla flava"
"49","1 plongeon catmarin - tadorne casarca/48 bernache a` cou roux.mp3","48 bernache a` cou roux.mp3","bernache a` cou roux","Branta ruficollis (Pallas, 1769)","Branta ruficollis"
"50","1 plongeon catmarin - tadorne casarca/47 bernache cravant.mp3","47 bernache cravant.mp3","bernache cravant","Branta bernicla (Linnaeus, 1758)","Branta bernicla"
"51","1 plongeon catmarin - tadorne casarca/45 bernache du Canada.mp3","45 bernache du Canada.mp3","bernache du canada","Branta canadensis (Linnaeus, 1758)","Branta canadensis"
"52","1 plongeon catmarin - tadorne casarca/46 bernache nonnette.mp3","46 bernache nonnette.mp3","bernache nonnette","Branta leucopsis (Bechstein, 1803)","Branta leucopsis"
"53","1 plongeon catmarin - tadorne casarca/24 bihoreau gris.mp3","24 bihoreau gris.mp3","bihoreau gris","Nycticorax nycticorax (Linnaeus, 1758)","Nycticorax nycticorax"
"54","10 loriot d'europe - bruant striole´/22bis Bouvreuil des Komis.mp3","22bis Bouvreuil des Komis.mp3","bis bouvreuil des komis",NA,NA
"55","10 loriot d'europe - bruant striole´/22bis Bouvreuil des Komis (1).mp3","22bis Bouvreuil des Komis (1).mp3","bis bouvreuil des komis ()",NA,NA
"56","10 loriot d'europe - bruant striole´/22bis Bouvreuil des Komis (2).mp3","22bis Bouvreuil des Komis (2).mp3","bis bouvreuil des komis ()",NA,NA
"57","6 huppe fascie´e - pipit a` gorge rousse/41bis pipit de godlewskii.mp3","41bis pipit de godlewskii.mp3","bis pipit de godlewskii",NA,"anthus godlewskii"
"58","1 plongeon catmarin - tadorne casarca/23 blongios nain.mp3","23 blongios nain.mp3","blongios nain","Ixobrychus minutus (Linnaeus, 1766)","Ixobrychus minutus"
"59","2 canard mandarin - autour sombre/53 bondre´e apivore.mp3","53 bondre´e apivore.mp3","bondre´e apivore","Pernis apivorus (Linnaeus, 1758)","Pernis apivorus"
"60","8 fauvette orphe´e - gobemouche a` demi-collier/22 bouscarle de Cetti.mp3","22 bouscarle de Cetti.mp3","bouscarle de cetti","Cettia cetti (Temminck, 1820)","Cettia cetti"
"61","10 loriot d'europe - bruant striole´/22 bouvreuil pivoine.mp3","22 bouvreuil pivoine.mp3","bouvreuil pivoine","Pyrrhula pyrrhula (Linnaeus, 1758)","Pyrrhula pyrrhula"
"62","10 loriot d'europe - bruant striole´/43 bruant aure´ole.mp3","43 bruant aure´ole.mp3","bruant aure´ole","Emberiza aureola Pallas, 1773","Emberiza aureola"
"63","10 loriot d'europe - bruant striole´/41 bruant cendre´.mp3","41 bruant cendre´.mp3","bruant cendre´",NA,"emberiza cineracea"
"64","10 loriot d'europe - bruant striole´/38 bruant cendrillard.mp3","38 bruant cendrillard.mp3","bruant cendrillard","Emberiza caesia Cretzschmar, 1827","Emberiza caesia"
"65","10 loriot d'europe - bruant striole´/34 bruant des neiges.mp3","34 bruant des neiges.mp3","bruant des neiges","Plectrophenax nivalis (Linnaeus, 1758)","Plectrophenax nivalis"
"66","10 loriot d'europe - bruant striole´/32 bruant des roseaux.mp3","32 bruant des roseaux.mp3","bruant des roseaux","Emberiza schoeniclus (Linnaeus, 1758)","Emberiza schoeniclus"
"67","10 loriot d'europe - bruant striole´/45 bruant fou.mp3","45 bruant fou.mp3","bruant fou","Emberiza cia Linnaeus, 1766","Emberiza cia"
"68","10 loriot d'europe - bruant striole´/39 bruant jaune.mp3","39 bruant jaune.mp3","bruant jaune","Emberiza citrinella Linnaeus, 1758","Emberiza citrinella"
"69","10 loriot d'europe - bruant striole´/35 bruant lapon.mp3","35 bruant lapon.mp3","bruant lapon","Calcarius lapponicus (Linnaeus, 1758)","Calcarius lapponicus"
"70","10 loriot d'europe - bruant striole´/42 bruant me´lanoce´phale.mp3","42 bruant me´lanoce´phale.mp3","bruant me´lanoce´phale","Emberiza melanocephala Scopoli, 1769","Emberiza melanocephala"
"71","10 loriot d'europe - bruant striole´/33 bruant nain.mp3","33 bruant nain.mp3","bruant nain","Emberiza pusilla Pallas, 1776","Emberiza pusilla"
"72","10 loriot d'europe - bruant striole´/37 bruant ortolan.mp3","37 bruant ortolan.mp3","bruant ortolan","Emberiza hortulana Linnaeus, 1758","Emberiza hortulana"
"73","10 loriot d'europe - bruant striole´/44 bruant proyer.mp3","44 bruant proyer.mp3","bruant proyer","Emberiza calandra Linnaeus, 1758","Emberiza calandra"
"74","10 loriot d'europe - bruant striole´/36 bruant rustique.mp3","36 bruant rustique.mp3","bruant rustique","Emberiza rustica Pallas, 1776","Emberiza rustica"
"75","10 loriot d'europe - bruant striole´/46 bruant striole´.mp3","46 bruant striole´.mp3","bruant striole´",NA,"emberiza striolata"
"76","10 loriot d'europe - bruant striole´/40 bruant zizi.mp3","40 bruant zizi.mp3","bruant zizi","Emberiza cirlus Linnaeus, 1766","Emberiza cirlus"
"77","7 bergeronnette grise - fauvette a` te^te noire/07 bulbul des jardins.mp3","07 bulbul des jardins.mp3","bulbul des jardins",NA,"pycnonotus barbatus"
"78","2 canard mandarin - autour sombre/49 busard cendre´.mp3","49 busard cendre´.mp3","busard cendre´","Circus pygargus (Linnaeus, 1758)","Circus pygargus"
"79","2 canard mandarin - autour sombre/51 buse fe´roce.mp3","51 buse fe´roce.mp3","buse fe´roce","Buteo rufinus (Cretzschmar, 1829)","Buteo rufinus"
"80","2 canard mandarin - autour sombre/50 buse pattue.mp3","50 buse pattue.mp3","buse pattue","Buteo lagopus (Pontoppidan, 1763)","Buteo lagopus"
"81","2 canard mandarin - autour sombre/52 buse variable.mp3","52 buse variable.mp3","buse variable","Buteo buteo (Linnaeus, 1758)","Buteo buteo"
"82","1 plongeon catmarin - tadorne casarca/22 butor e´toile´.mp3","22 butor e´toile´.mp3","butor e´toile´","Botaurus stellaris (Linnaeus, 1758)","Botaurus stellaris"
"83","3 faucon cre´cerelle - glare´ole a` collier/26 caille des ble´s.mp3","26 caille des ble´s.mp3","caille des ble´s","Coturnix coturnix (Linnaeus, 1758)","Coturnix coturnix"
"84","2 canard mandarin - autour sombre/02 canard carolin.mp3","02 canard carolin.mp3","canard carolin",NA,"aix sponsa"
"85","2 canard mandarin - autour sombre/04 canard chipeau.mp3","04 canard chipeau.mp3","canard chipeau","Mareca strepera (Linnaeus, 1758)","Mareca strepera"
"86","2 canard mandarin - autour sombre/03 canard colvert.mp3","03 canard colvert.mp3","canard colvert","Anas platyrhynchos Linnaeus, 1758","Anas platyrhynchos"
"87","2 canard mandarin - autour sombre/01 canard mandarin.mp3","01 canard mandarin.mp3","canard mandarin","Aix galericulata (Linnaeus, 1758)","Aix galericulata"
"88","2 canard mandarin - autour sombre/05 canard pilet.mp3","05 canard pilet.mp3","canard pilet","Anas acuta Linnaeus, 1758","Anas acuta"
"89","2 canard mandarin - autour sombre/07 canard siffleur.mp3","07 canard siffleur.mp3","canard siffleur","Mareca penelope (Linnaeus, 1758)","Mareca penelope"
"90","2 canard mandarin - autour sombre/06 canard souchet.mp3","06 canard souchet.mp3","canard souchet","Spatula clypeata (Linnaeus, 1758)","Spatula clypeata"
"91","9 me´sange charbonnie`re - e´tourneau roselin/33 cassenoix mouchete´.mp3","33 cassenoix mouchete´.mp3","cassenoix mouchete´","Nucifraga caryocatactes (Linnaeus, 1758)","Nucifraga caryocatactes"
"92","10 loriot d'europe - bruant striole´/17 chardonneret e´le´gant.mp3","17 chardonneret e´le´gant.mp3","chardonneret e´le´gant","Carduelis carduelis (Linnaeus, 1758)","Carduelis carduelis"
"93","4 petit gravelot - goe´land a` ailes blanches/24 chevalier aboyeur.mp3","24 chevalier aboyeur.mp3","chevalier aboyeur","Tringa nebularia (Gunnerus, 1767)","Tringa nebularia"
"94","4 petit gravelot - goe´land a` ailes blanches/23 chevalier arlequin.mp3","23 chevalier arlequin.mp3","chevalier arlequin","Tringa erythropus (Pallas, 1764)","Tringa erythropus"
"95","4 petit gravelot - goe´land a` ailes blanches/21 chevalier bargette.mp3","21 chevalier bargette.mp3","chevalier bargette","Xenus cinereus (Güldenstädt, 1775)","Xenus cinereus"
"96","4 petit gravelot - goe´land a` ailes blanches/19 chevalier culblanc.mp3","19 chevalier culblanc.mp3","chevalier culblanc","Tringa ochropus Linnaeus, 1758","Tringa ochropus"
"97","4 petit gravelot - goe´land a` ailes blanches/22 chevalier gambette.mp3","22 chevalier gambette.mp3","chevalier gambette","Tringa totanus (Linnaeus, 1758)","Tringa totanus"
"98","4 petit gravelot - goe´land a` ailes blanches/20 chevalier guignette.mp3","20 chevalier guignette.mp3","chevalier guignette","Actitis hypoleucos (Linnaeus, 1758)","Actitis hypoleucos"
"99","4 petit gravelot - goe´land a` ailes blanches/25 chevalier stagnatile.mp3","25 chevalier stagnatile.mp3","chevalier stagnatile","Tringa stagnatilis (Bechstein, 1803)","Tringa stagnatilis"
"100","4 petit gravelot - goe´land a` ailes blanches/18 chevalier sylvain.mp3","18 chevalier sylvain.mp3","chevalier sylvain","Tringa glareola Linnaeus, 1758","Tringa glareola"
"101","5 sterne naine - martinet des maisons/43 cheve^che d'Athe´na.mp3","43 cheve^che d'Athe´na.mp3","cheve^che d'athe´na","Athene noctua (Scopoli, 1769)","Athene noctua"
"102","5 sterne naine - martinet des maisons/38 cheve^chette d'Europe.mp3","38 cheve^chette d'Europe.mp3","cheve^chette d'europe","Glaucidium passerinum (Linnaeus, 1758)","Glaucidium passerinum"
"103","9 me´sange charbonnie`re - e´tourneau roselin/36 chocard a` bec jaune.mp3","36 chocard a` bec jaune.mp3","chocard a` bec jaune","Pyrrhocorax graculus (Linnaeus, 1766)","Pyrrhocorax graculus"
"104","9 me´sange charbonnie`re - e´tourneau roselin/34 choucas des tours.mp3","34 choucas des tours.mp3","choucas des tours","Coloeus monedula (Linnaeus, 1758)","Coloeus monedula"
"105","5 sterne naine - martinet des maisons/34 chouette de l'Oural.mp3","34 chouette de l'Oural.mp3","chouette de l'oural",NA,"strix uralensis"
"106","5 sterne naine - martinet des maisons/37 chouette de Tengmalm.mp3","37 chouette de Tengmalm.mp3","chouette de tengmalm","Aegolius funereus (Linnaeus, 1758)","Aegolius funereus"
"107","5 sterne naine - martinet des maisons/36 chouette e´pervie`re.mp3","36 chouette e´pervie`re.mp3","chouette e´pervie`re","Surnia ulula (Linnaeus, 1758)","Surnia ulula"
"108","5 sterne naine - martinet des maisons/30 chouette hulotte.mp3","30 chouette hulotte.mp3","chouette hulotte","Strix aluco Linnaeus, 1758","Strix aluco"
"109","5 sterne naine - martinet des maisons/31 chouette hulotte africaine.mp3","31 chouette hulotte africaine.mp3","chouette hulotte africaine",NA,NA
"110","5 sterne naine - martinet des maisons/33 chouette lapone.mp3","33 chouette lapone.mp3","chouette lapone",NA,"strix nebulosa"
"111","1 plongeon catmarin - tadorne casarca/31 cigogne blanche.mp3","31 cigogne blanche.mp3","cigogne blanche","Ciconia ciconia (Linnaeus, 1758)","Ciconia ciconia"
"112","1 plongeon catmarin - tadorne casarca/32 cigogne noire.mp3","32 cigogne noire.mp3","cigogne noire","Ciconia nigra (Linnaeus, 1758)","Ciconia nigra"
"113","7 bergeronnette grise - fauvette a` te^te noire/05 cincle plongeur.mp3","05 cincle plongeur.mp3","cincle plongeur","Cinclus cinclus (Linnaeus, 1758)","Cinclus cinclus"
"114","8 fauvette orphe´e - gobemouche a` demi-collier/18 cisticole des joncs.mp3","18 cisticole des joncs.mp3","cisticole des joncs","Cisticola juncidis (Rafinesque, 1810)","Cisticola juncidis"
"115","6 huppe fascie´e - pipit a` gorge rousse/21 cochevis de The´kla.mp3","21 cochevis de The´kla.mp3","cochevis de the´kla","Galerida theklae Brehm, AE, 1857","Galerida theklae"
"116","6 huppe fascie´e - pipit a` gorge rousse/20 cochevis huppe´.mp3","20 cochevis huppe´.mp3","cochevis huppe´","Galerida cristata (Linnaeus, 1758)","Galerida cristata"
"117","3 faucon cre´cerelle - glare´ole a` collier/18 colin de Californie.mp3","18 colin de Californie.mp3","colin de californie","Callipepla californica (Shaw, 1798)","Callipepla californica"
"118","3 faucon cre´cerelle - glare´ole a` collier/19 colin de Virgine.mp3","19 colin de Virgine.mp3","colin de virgine",NA,"colinus virginianus"
"119","4 petit gravelot - goe´land a` ailes blanches/36 combattant varie´.mp3","36 combattant varie´.mp3","combattant varie´","Calidris pugnax (Linnaeus, 1758)","Calidris pugnax"
"120","9 me´sange charbonnie`re - e´tourneau roselin/40 corbeau brun.mp3","40 corbeau brun.mp3","corbeau brun",NA,"corvus ruficollis"
"121","9 me´sange charbonnie`re - e´tourneau roselin/37 corbeau freux.mp3","37 corbeau freux.mp3","corbeau freux","Corvus frugilegus Linnaeus, 1758","Corvus frugilegus"
"122","1 plongeon catmarin - tadorne casarca/20 cormoran huppe´.mp3","20 cormoran huppe´.mp3","cormoran huppe´","Phalacrocorax aristotelis (Linnaeus, 1761)","Phalacrocorax aristotelis"
"123","1 plongeon catmarin - tadorne casarca/21 cormoran pygme´e.mp3","21 cormoran pygme´e.mp3","cormoran pygme´e","Microcarbo pygmaeus (Pallas, 1773)","Microcarbo pygmaeus"
"124","9 me´sange charbonnie`re - e´tourneau roselin/38 corneille noiremantele´e.mp3","38 corneille noiremantele´e.mp3","corneille noiremantele´e",NA,NA
"125","5 sterne naine - martinet des maisons/29 coucou geai.mp3","29 coucou geai.mp3","coucou geai","Clamator glandarius (Linnaeus, 1758)","Clamator glandarius"
"126","5 sterne naine - martinet des maisons/28 coucou gris.mp3","28 coucou gris.mp3","coucou gris","Cuculus canorus Linnaeus, 1758","Cuculus canorus"
"127","4 petit gravelot - goe´land a` ailes blanches/28 courlis cendre´.mp3","28 courlis cendre´.mp3","courlis cendre´","Numenius arquata (Linnaeus, 1758)","Numenius arquata"
"128","4 petit gravelot - goe´land a` ailes blanches/29 courlis corlieu.mp3","29 courlis corlieu.mp3","courlis corlieu","Numenius phaeopus (Linnaeus, 1758)","Numenius phaeopus"
"129","3 faucon cre´cerelle - glare´ole a` collier/46 courvite isabelle.mp3","46 courvite isabelle.mp3","courvite isabelle","Cursorius cursor (Latham, 1787)","Cursorius cursor"
"130","1 plongeon catmarin - tadorne casarca/26 crabier chevelu.mp3","26 crabier chevelu.mp3","crabier chevelu","Ardeola ralloides (Scopoli, 1769)","Ardeola ralloides"
"131","9 me´sange charbonnie`re - e´tourneau roselin/27 crate´rope fauve.mp3","27 crate´rope fauve.mp3","crate´rope fauve",NA,"argya fulva"
"132","9 me´sange charbonnie`re - e´tourneau roselin/35 crave a` bec rouge.mp3","35 crave a` bec rouge.mp3","crave a` bec rouge","Pyrrhocorax pyrrhocorax (Linnaeus, 1758)","Pyrrhocorax pyrrhocorax"
"133","1 plongeon catmarin - tadorne casarca/38 cygne chanteur.mp3","38 cygne chanteur.mp3","cygne chanteur","Cygnus cygnus (Linnaeus, 1758)","Cygnus cygnus"
"134","1 plongeon catmarin - tadorne casarca/39 cygne de Bewick.mp3","39 cygne de Bewick.mp3","cygne de bewick","Cygnus columbianus (Ord, 1815)","Cygnus columbianus"
"135","1 plongeon catmarin - tadorne casarca/37 cygne tubercule´.mp3","37 cygne tubercule´.mp3","cygne tubercule´","Cygnus olor (Gmelin, JF, 1789)","Cygnus olor"
"136","8 fauvette orphe´e - gobemouche a` demi-collier/14 dromoi¨que du de´sert.mp3","14 dromoi¨que du de´sert.mp3","dromoi¨que du de´sert",NA,"scotocerca inquieta"
"137","10 loriot d'europe - bruant striole´/23 durbec des sapins.mp3","23 durbec des sapins.mp3","durbec des sapins","Pinicola enucleator (Linnaeus, 1758)","Pinicola enucleator"
"138","3 faucon cre´cerelle - glare´ole a` collier/44 e´chasse blanche.mp3","44 e´chasse blanche.mp3","e´chasse blanche","Himantopus himantopus (Linnaeus, 1758)","Himantopus himantopus"
"139","5 sterne naine - martinet des maisons/42 effraie des clochers.mp3","42 effraie des clochers.mp3","effraie des clochers","Tyto alba (Scopoli, 1769)","Tyto alba"
"140","2 canard mandarin - autour sombre/16 eider a` duvet.mp3","16 eider a` duvet.mp3","eider a` duvet","Somateria mollissima (Linnaeus, 1758)","Somateria mollissima"
"141","2 canard mandarin - autour sombre/17 eider a` te^te grise.mp3","17 eider a` te^te grise.mp3","eider a` te^te grise","Somateria spectabilis (Linnaeus, 1758)","Somateria spectabilis"
"142","2 canard mandarin - autour sombre/18 eider de Steller.mp3","18 eider de Steller.mp3","eider de steller","Polysticta stelleri (Pallas, 1769)","Polysticta stelleri"
"143","5 sterne naine - martinet des maisons/46 engoulevent a` collier roux.mp3","46 engoulevent a` collier roux.mp3","engoulevent a` collier roux","Caprimulgus ruficollis Temminck, 1820","Caprimulgus ruficollis"
"144","5 sterne naine - martinet des maisons/45 engoulevent d'Europe.mp3","45 engoulevent d'Europe.mp3","engoulevent d'europe","Caprimulgus europaeus Linnaeus, 1758","Caprimulgus europaeus"
"145","5 sterne naine - martinet des maisons/47 engoulevent du de´sert.mp3","47 engoulevent du de´sert.mp3","engoulevent du de´sert",NA,"caprimulgus aegyptius"
"146","2 canard mandarin - autour sombre/55 e´pervier a` pieds courts.mp3","55 e´pervier a` pieds courts.mp3","e´pervier a` pieds courts",NA,"accipiter brevipes"
"147","2 canard mandarin - autour sombre/54 e´pervier d'Europe.mp3","54 e´pervier d'Europe.mp3","e´pervier d'europe","Accipiter nisus (Linnaeus, 1758)","Accipiter nisus"
"148","2 canard mandarin - autour sombre/28 e´rismature a` te^te blanche.mp3","28 e´rismature a` te^te blanche.mp3","e´rismature a` te^te blanche","Oxyura leucocephala (Scopoli, 1769)","Oxyura leucocephala"
"149","2 canard mandarin - autour sombre/29 e´rismature rousse.mp3","29 e´rismature rousse.mp3","e´rismature rousse","Oxyura jamaicensis (Gmelin, JF, 1789)","Oxyura jamaicensis"
"150","9 me´sange charbonnie`re - e´tourneau roselin/43 e´tourneau roselin.mp3","43 e´tourneau roselin.mp3","e´tourneau roselin","Pastor roseus (Linnaeus, 1758)","Pastor roseus"
"151","9 me´sange charbonnie`re - e´tourneau roselin/41 e´tourneau sansonnet.mp3","41 e´tourneau sansonnet.mp3","e´tourneau sansonnet","Sturnus vulgaris Linnaeus, 1758","Sturnus vulgaris"
"152","9 me´sange charbonnie`re - e´tourneau roselin/42 e´tourneau unicolore.mp3","42 e´tourneau unicolore.mp3","e´tourneau unicolore","Sturnus unicolor Temminck, 1820","Sturnus unicolor"
"153","3 faucon cre´cerelle - glare´ole a` collier/29 faisan de Colchide.mp3","29 faisan de Colchide.mp3","faisan de colchide","Phasianus colchicus Linnaeus, 1758","Phasianus colchicus"
"154","3 faucon cre´cerelle - glare´ole a` collier/30 faisan dore´.mp3","30 faisan dore´.mp3","faisan dore´",NA,"chrysolophus pictus"
"155","3 faucon cre´cerelle - glare´ole a` collier/01 faucon cre´cerelle.mp3","01 faucon cre´cerelle.mp3","faucon cre´cerelle","Falco tinnunculus Linnaeus, 1758","Falco tinnunculus"
"156","3 faucon cre´cerelle - glare´ole a` collier/02 faucon cre´cerellette.mp3","02 faucon cre´cerellette.mp3","faucon cre´cerellette","Falco naumanni Fleischer, JG, 1818","Falco naumanni"
"157","3 faucon cre´cerelle - glare´ole a` collier/05 faucon d'Ele´onore.mp3","05 faucon d'Ele´onore.mp3","faucon d'ele´onore","Falco eleonorae Géné, 1839","Falco eleonorae"
"158","3 faucon cre´cerelle - glare´ole a` collier/07 faucon e´merillon.mp3","07 faucon e´merillon.mp3","faucon e´merillon","Falco columbarius Linnaeus, 1758","Falco columbarius"
"159","3 faucon cre´cerelle - glare´ole a` collier/08 faucon gerfaut.mp3","08 faucon gerfaut.mp3","faucon gerfaut","Falco rusticolus Linnaeus, 1758","Falco rusticolus"
"160","3 faucon cre´cerelle - glare´ole a` collier/04 faucon hobereau.mp3","04 faucon hobereau.mp3","faucon hobereau","Falco subbuteo Linnaeus, 1758","Falco subbuteo"
"161","3 faucon cre´cerelle - glare´ole a` collier/03 faucon kobez.mp3","03 faucon kobez.mp3","faucon kobez","Falco vespertinus Linnaeus, 1766","Falco vespertinus"
"162","3 faucon cre´cerelle - glare´ole a` collier/10 faucon lanier.mp3","10 faucon lanier.mp3","faucon lanier","Falco biarmicus Temminck, 1825","Falco biarmicus"
"163","3 faucon cre´cerelle - glare´ole a` collier/06 faucon pe´lerin.mp3","06 faucon pe´lerin.mp3","faucon pe´lerin","Falco peregrinus Tunstall, 1771","Falco peregrinus"
"164","3 faucon cre´cerelle - glare´ole a` collier/09 faucon sacre.mp3","09 faucon sacre.mp3","faucon sacre","Falco cherrug Gray, JE, 1834","Falco cherrug"
"165","8 fauvette orphe´e - gobemouche a` demi-collier/08 fauvette a` lunettes.mp3","08 fauvette a` lunettes.mp3","fauvette a` lunettes","Sylvia conspicillata Temminck, 1820","Sylvia conspicillata"
"166","7 bergeronnette grise - fauvette a` te^te noire/42 fauvette a` te^te noire.mp3","42 fauvette a` te^te noire.mp3","fauvette a` te^te noire","Sylvia atricapilla (Linnaeus, 1758)","Sylvia atricapilla"
"167","8 fauvette orphe´e - gobemouche a` demi-collier/03 fauvette babillarde.mp3","03 fauvette babillarde.mp3","fauvette babillarde","Sylvia curruca (Linnaeus, 1758)","Sylvia curruca"
"168","8 fauvette orphe´e - gobemouche a` demi-collier/05 fauvette de Chypre.mp3","05 fauvette de Chypre.mp3","fauvette de chypre",NA,"curruca melanothorax"
"169","8 fauvette orphe´e - gobemouche a` demi-collier/13 fauvette de l'Atlas.mp3","13 fauvette de l'Atlas.mp3","fauvette de l'atlas","Sylvia deserticola Tristram, 1859","Sylvia deserticola"
"170","8 fauvette orphe´e - gobemouche a` demi-collier/06 fauvette de Ru¨ppel.mp3","06 fauvette de Ru¨ppel.mp3","fauvette de ru¨ppel",NA,"curruca ruppeli"
"171","7 bergeronnette grise - fauvette a` te^te noire/40 fauvette des jardin.mp3","40 fauvette des jardin.mp3","fauvette des jardin",NA,"sylvia borin"
"172","7 bergeronnette grise - fauvette a` te^te noire/41 fauvette e´pervie`re.mp3","41 fauvette e´pervie`re.mp3","fauvette e´pervie`re","Sylvia nisoria (Bechstein, 1792)","Sylvia nisoria"
"173","8 fauvette orphe´e - gobemouche a` demi-collier/07 fauvette grisette.mp3","07 fauvette grisette.mp3","fauvette grisette","Sylvia communis Latham, 1787","Sylvia communis"
"174","8 fauvette orphe´e - gobemouche a` demi-collier/04 fauvette me´lanoce´phale.mp3","04 fauvette me´lanoce´phale.mp3","fauvette me´lanoce´phale","Sylvia melanocephala (Gmelin, JF, 1789)","Sylvia melanocephala"
"175","8 fauvette orphe´e - gobemouche a` demi-collier/10 fauvette naine.mp3","10 fauvette naine.mp3","fauvette naine","Sylvia nana (Hemprich & Ehrenberg, 1833)","Sylvia nana"
"176","8 fauvette orphe´e - gobemouche a` demi-collier/01 fauvette orphe´e occidentale.mp3","01 fauvette orphe´e occidentale.mp3","fauvette orphe´e occidentale",NA,"curruca hortensis"
"177","8 fauvette orphe´e - gobemouche a` demi-collier/02 fauvette orphe´e orientale.mp3","02 fauvette orphe´e orientale.mp3","fauvette orphe´e orientale",NA,"curruca crassirostris"
"178","8 fauvette orphe´e - gobemouche a` demi-collier/09 fauvette passerinette.mp3","09 fauvette passerinette.mp3","fauvette passerinette","Sylvia cantillans (Pallas, 1764)","Sylvia cantillans"
"179","8 fauvette orphe´e - gobemouche a` demi-collier/11 fauvette pitchou.mp3","11 fauvette pitchou.mp3","fauvette pitchou","Sylvia undata (Boddaert, 1783)","Sylvia undata"
"180","8 fauvette orphe´e - gobemouche a` demi-collier/12 fauvette sarde.mp3","12 fauvette sarde.mp3","fauvette sarde","Sylvia sarda Temminck, 1820","Sylvia sarda"
"181","1 plongeon catmarin - tadorne casarca/36 flamant rose.mp3","36 flamant rose.mp3","flamant rose","Phoenicopterus roseus Pallas, 1811","Phoenicopterus roseus"
"182","1 plongeon catmarin - tadorne casarca/16 fou de Bassan.mp3","16 fou de Bassan.mp3","fou de bassan","Morus bassanus (Linnaeus, 1758)","Morus bassanus"
"183","3 faucon cre´cerelle - glare´ole a` collier/37 foulque caroncule´e.mp3","37 foulque caroncule´e.mp3","foulque caroncule´e","Fulica cristata Gmelin, JF, 1789","Fulica cristata"
"184","3 faucon cre´cerelle - glare´ole a` collier/36 foulque macroule.mp3","36 foulque macroule.mp3","foulque macroule","Fulica atra Linnaeus, 1758","Fulica atra"
"185","3 faucon cre´cerelle - glare´ole a` collier/17 francolin a` double-e´peron.mp3","17 francolin a` double-e´peron.mp3","francolin a` double-e´peron",NA,"pternistis bicalcaratus"
"186","3 faucon cre´cerelle - glare´ole a` collier/16 francolin noir.mp3","16 francolin noir.mp3","francolin noir",NA,"francolinus francolinus"
"187","2 canard mandarin - autour sombre/11 fuligule milouin.mp3","11 fuligule milouin.mp3","fuligule milouin","Aythya ferina (Linnaeus, 1758)","Aythya ferina"
"188","2 canard mandarin - autour sombre/14 fuligule milouinan.mp3","14 fuligule milouinan.mp3","fuligule milouinan","Aythya marila (Linnaeus, 1761)","Aythya marila"
"189","2 canard mandarin - autour sombre/15 fuligule morillon.mp3","15 fuligule morillon.mp3","fuligule morillon","Aythya fuligula (Linnaeus, 1758)","Aythya fuligula"
"190","2 canard mandarin - autour sombre/13 fuligule nyroca.mp3","13 fuligule nyroca.mp3","fuligule nyroca","Aythya nyroca (Güldenstädt, 1770)","Aythya nyroca"
"191","1 plongeon catmarin - tadorne casarca/10 fulmar bore´al.mp3","10 fulmar bore´al.mp3","fulmar bore´al","Fulmarus glacialis (Linnaeus, 1761)","Fulmarus glacialis"
"192","3 faucon cre´cerelle - glare´ole a` collier/35 gallinule poule-d'eau.mp3","35 gallinule poule-d'eau.mp3","gallinule poule-d'eau","Gallinula chloropus (Linnaeus, 1758)","Gallinula chloropus"
"193","5 sterne naine - martinet des maisons/18 ganga cata.mp3","18 ganga cata.mp3","ganga cata","Pterocles alchata (Linnaeus, 1766)","Pterocles alchata"
"194","5 sterne naine - martinet des maisons/20 ganga couronne´.mp3","20 ganga couronne´.mp3","ganga couronne´",NA,"pterocles coronatus"
"195","5 sterne naine - martinet des maisons/21 ganga de Lichtenstein.mp3","21 ganga de Lichtenstein.mp3","ganga de lichtenstein",NA,"pterocles lichtensteinii"
"196","5 sterne naine - martinet des maisons/19 ganga tachete´.mp3","19 ganga tachete´.mp3","ganga tachete´",NA,"pterocles senegallus"
"197","5 sterne naine - martinet des maisons/17 ganga unibande.mp3","17 ganga unibande.mp3","ganga unibande",NA,"pterocles orientalis"
"198","2 canard mandarin - autour sombre/23 garrot a` oeil d'or.mp3","23 garrot a` oeil d'or.mp3","garrot a` oeil d'or","Bucephala clangula (Linnaeus, 1758)","Bucephala clangula"
"199","2 canard mandarin - autour sombre/24 garrot d'Islande.mp3","24 garrot d'Islande.mp3","garrot d'islande","Bucephala islandica (Gmelin, JF, 1789)","Bucephala islandica"
"200","9 me´sange charbonnie`re - e´tourneau roselin/31 geai des che^nes.mp3","31 geai des che^nes.mp3","geai des che^nes","Garrulus glandarius (Linnaeus, 1758)","Garrulus glandarius"
"201","3 faucon cre´cerelle - glare´ole a` collier/15 ge´linotte des bois.mp3","15 ge´linotte des bois.mp3","ge´linotte des bois","Tetrastes bonasia (Linnaeus, 1758)","Tetrastes bonasia"
"202","3 faucon cre´cerelle - glare´ole a` collier/47 glare´ole a` collier.mp3","47 glare´ole a` collier.mp3","glare´ole a` collier","Glareola pratincola (Linnaeus, 1766)","Glareola pratincola"
"203","8 fauvette orphe´e - gobemouche a` demi-collier/44 gobemouche a` collier.mp3","44 gobemouche a` collier.mp3","gobemouche a` collier","Ficedula albicollis (Temminck, 1815)","Ficedula albicollis"
"204","8 fauvette orphe´e - gobemouche a` demi-collier/45 gobemouche a` demi-collier.mp3","45 gobemouche a` demi-collier.mp3","gobemouche a` demi-collier","Ficedula semitorquata (Homeyer, 1885)","Ficedula semitorquata"
"205","8 fauvette orphe´e - gobemouche a` demi-collier/41 gobemouche gris.mp3","41 gobemouche gris.mp3","gobemouche gris","Muscicapa striata (Pallas, 1764)","Muscicapa striata"
"206","8 fauvette orphe´e - gobemouche a` demi-collier/42 gobemouche nain.mp3","42 gobemouche nain.mp3","gobemouche nain","Ficedula parva (Bechstein, 1792)","Ficedula parva"
"207","8 fauvette orphe´e - gobemouche a` demi-collier/43 gobemouche noir.mp3","43 gobemouche noir.mp3","gobemouche noir","Ficedula hypoleuca (Pallas, 1764)","Ficedula hypoleuca"
"208","4 petit gravelot - goe´land a` ailes blanches/53 goe´land a` ailes blanches.mp3","53 goe´land a` ailes blanches.mp3","goe´land a` ailes blanches","Larus glaucoides Meyer, B, 1822","Larus glaucoides"
"209","Goeland a` bec cercle´.mp3","Goeland a` bec cercle´.mp3","goeland a` bec cercle´","Larus delawarensis Ord, 1815","Larus delawarensis"
"210","Goeland a` bec cercle´ 2.mp3","Goeland a` bec cercle´ 2.mp3","goeland a` bec cercle´ ",NA,"larus delawarensis"
"211","4 petit gravelot - goe´land a` ailes blanches/45 goe´land argente´.mp3","45 goe´land argente´.mp3","goe´land argente´","Larus argentatus Pontoppidan, 1763","Larus argentatus"
"212","4 petit gravelot - goe´land a` ailes blanches/52 goe´land bourgmestre.mp3","52 goe´land bourgmestre.mp3","goe´land bourgmestre","Larus hyperboreus Gunnerus, 1767","Larus hyperboreus"
"213","4 petit gravelot - goe´land a` ailes blanches/48 goe´land brun.mp3","48 goe´land brun.mp3","goe´land brun","Larus fuscus Linnaeus, 1758","Larus fuscus"
"214","4 petit gravelot - goe´land a` ailes blanches/43 goe´land cendre´.mp3","43 goe´land cendre´.mp3","goe´land cendre´","Larus canus Linnaeus, 1758","Larus canus"
"215","4 petit gravelot - goe´land a` ailes blanches/47 goe´land d'Audoin.mp3","47 goe´land d'Audoin.mp3","goe´land d'audoin",NA,"ichthyaetus audouinii"
"216","4 petit gravelot - goe´land a` ailes blanches/46 goe´land leucophe´e.mp3","46 goe´land leucophe´e.mp3","goe´land leucophe´e","Larus michahellis Naumann, JF, 1840","Larus michahellis"
"217","4 petit gravelot - goe´land a` ailes blanches/49 goe´land marin.mp3","49 goe´land marin.mp3","goe´land marin","Larus marinus Linnaeus, 1758","Larus marinus"
"218","4 petit gravelot - goe´land a` ailes blanches/42 goe´land railleur.mp3","42 goe´land railleur.mp3","goe´land railleur","Chroicocephalus genei (Brème, 1839)","Chroicocephalus genei"
"219","7 bergeronnette grise - fauvette a` te^te noire/14 gorgebleue a` miroir.mp3","14 gorgebleue a` miroir.mp3","gorgebleue a` miroir","Luscinia svecica (Linnaeus, 1758)","Luscinia svecica"
"220","5 sterne naine - martinet des maisons/32 grand-duc d'Europe.mp3","32 grand-duc d'Europe.mp3","grand-duc d'europe","Bubo bubo (Linnaeus, 1758)","Bubo bubo"
"221","9 me´sange charbonnie`re - e´tourneau roselin/39 grand corbeau.mp3","39 grand corbeau.mp3","grand corbeau","Corvus corax Linnaeus, 1758","Corvus corax"
"222","1 plongeon catmarin - tadorne casarca/19 grand cormoran.mp3","19 grand cormoran.mp3","grand cormoran","Phalacrocorax carbo (Linnaeus, 1758)","Phalacrocorax carbo"
"223","4 petit gravelot - goe´land a` ailes blanches/02 grand gravelot.mp3","02 grand gravelot.mp3","grand gravelot","Charadrius hiaticula Linnaeus, 1758","Charadrius hiaticula"
"224","4 petit gravelot - goe´land a` ailes blanches/37 grand labbe.mp3","37 grand labbe.mp3","grand labbe","Stercorarius skua (Brünnich, 1764)","Stercorarius skua"
"225","3 faucon cre´cerelle - glare´ole a` collier/13 grand te´tras.mp3","13 grand te´tras.mp3","grand te´tras","Tetrao urogallus Linnaeus, 1758","Tetrao urogallus"
"226","1 plongeon catmarin - tadorne casarca/28 grande aigrette.mp3","28 grande aigrette.mp3","grande aigrette","Ardea alba Linnaeus, 1758","Ardea alba"
"227","3 faucon cre´cerelle - glare´ole a` collier/40 grande outarde.mp3","40 grande outarde.mp3","grande outarde",NA,"otis tarda"
"228","4 petit gravelot - goe´land a` ailes blanches/03 gravelot a` collier interrompu.mp3","03 gravelot a` collier interrompu.mp3","gravelot a` collier interrompu","Charadrius alexandrinus Linnaeus, 1758","Charadrius alexandrinus"
"229","1 plongeon catmarin - tadorne casarca/06 gre`be a` cou noir.mp3","06 gre`be a` cou noir.mp3","gre`be a` cou noir","Podiceps nigricollis Brehm, CL, 1831","Podiceps nigricollis"
"230","1 plongeon catmarin - tadorne casarca/07 gre`be castagneux.mp3","07 gre`be castagneux.mp3","gre`be castagneux","Tachybaptus ruficollis (Pallas, 1764)","Tachybaptus ruficollis"
"231","1 plongeon catmarin - tadorne casarca/05 gre`be esclavon.mp3","05 gre`be esclavon.mp3","gre`be esclavon","Podiceps auritus (Linnaeus, 1758)","Podiceps auritus"
"232","1 plongeon catmarin - tadorne casarca/08 gre`be huppe´.mp3","08 gre`be huppe´.mp3","gre`be huppe´","Podiceps cristatus (Linnaeus, 1758)","Podiceps cristatus"
"233","1 plongeon catmarin - tadorne casarca/09 gre`be jougris.mp3","09 gre`be jougris.mp3","gre`be jougris","Podiceps grisegena (Boddaert, 1783)","Podiceps grisegena"
"234","9 me´sange charbonnie`re - e´tourneau roselin/17 grimpereau des bois.mp3","17 grimpereau des bois.mp3","grimpereau des bois","Certhia familiaris Linnaeus, 1758","Certhia familiaris"
"235","9 me´sange charbonnie`re - e´tourneau roselin/18 grimpereau des jardins.mp3","18 grimpereau des jardins.mp3","grimpereau des jardins","Certhia brachydactyla Brehm, CL, 1820","Certhia brachydactyla"
"236","7 bergeronnette grise - fauvette a` te^te noire/36 grive draine.mp3","36 grive draine.mp3","grive draine","Turdus viscivorus Linnaeus, 1758","Turdus viscivorus"
"237","7 bergeronnette grise - fauvette a` te^te noire/37 grive litorne.mp3","37 grive litorne.mp3","grive litorne","Turdus pilaris Linnaeus, 1758","Turdus pilaris"
"238","7 bergeronnette grise - fauvette a` te^te noire/35 grive mauvis.mp3","35 grive mauvis.mp3","grive mauvis","Turdus iliacus Linnaeus, 1758","Turdus iliacus"
"239","7 bergeronnette grise - fauvette a` te^te noire/34 grive musicienne.mp3","34 grive musicienne.mp3","grive musicienne","Turdus philomelos Brehm, CL, 1831","Turdus philomelos"
"240","10 loriot d'europe - bruant striole´/24 grosbec casse-noyaux.mp3","24 grosbec casse-noyaux.mp3","grosbec casse-noyaux","Coccothraustes coccothraustes (Linnaeus, 1758)","Coccothraustes coccothraustes"
"241","3 faucon cre´cerelle - glare´ole a` collier/39 grue cendre´e.mp3","39 grue cendre´e.mp3","grue cendre´e","Grus grus (Linnaeus, 1758)","Grus grus"
"242","6 huppe fascie´e - pipit a` gorge rousse/03 gue^pier d'Europe.mp3","03 gue^pier d'Europe.mp3","gue^pier d'europe","Merops apiaster Linnaeus, 1758","Merops apiaster"
"243","6 huppe fascie´e - pipit a` gorge rousse/04 gue^pier de Perse.mp3","04 gue^pier de Perse.mp3","gue^pier de perse","Merops persicus Pallas, 1773","Merops persicus"
"244","5 sterne naine - martinet des maisons/09 guifette leucopte`re.mp3","09 guifette leucopte`re.mp3","guifette leucopte`re","Chlidonias leucopterus (Temminck, 1815)","Chlidonias leucopterus"
"245","5 sterne naine - martinet des maisons/10 guifette moustac.mp3","10 guifette moustac.mp3","guifette moustac","Chlidonias hybrida (Pallas, 1811)","Chlidonias hybrida"
"246","5 sterne naine - martinet des maisons/08 guifette noire.mp3","08 guifette noire.mp3","guifette noire","Chlidonias niger (Linnaeus, 1758)","Chlidonias niger"
"247","5 sterne naine - martinet des maisons/13 guillemot a` miroir.mp3","13 guillemot a` miroir.mp3","guillemot a` miroir","Cepphus grylle (Linnaeus, 1758)","Cepphus grylle"
"248","5 sterne naine - martinet des maisons/15 guillemot de Bru¨nnich.mp3","15 guillemot de Bru¨nnich.mp3","guillemot de bru¨nnich","Uria lomvia (Linnaeus, 1758)","Uria lomvia"
"249","5 sterne naine - martinet des maisons/14 guillemot de Troi¨l.mp3","14 guillemot de Troi¨l.mp3","guillemot de troi¨l","Uria aalge (Pontoppidan, 1763)","Uria aalge"
"250","2 canard mandarin - autour sombre/30 gypae¨te barbu.mp3","30 gypae¨te barbu.mp3","gypae¨te barbu","Gypaetus barbatus (Linnaeus, 1758)","Gypaetus barbatus"
"251","2 canard mandarin - autour sombre/21 harelde bore´ale.mp3","21 harelde bore´ale.mp3","harelde bore´ale","Clangula hyemalis (Linnaeus, 1758)","Clangula hyemalis"
"252","5 sterne naine - martinet des maisons/35 harfang des neiges.mp3","35 harfang des neiges.mp3","harfang des neiges","Bubo scandiacus (Linnaeus, 1758)","Bubo scandiacus"
"253","2 canard mandarin - autour sombre/26 harle bie`vre.mp3","26 harle bie`vre.mp3","harle bie`vre","Mergus merganser Linnaeus, 1758","Mergus merganser"
"254","2 canard mandarin - autour sombre/27 harle huppe´.mp3","27 harle huppe´.mp3","harle huppe´","Mergus serrator Linnaeus, 1758","Mergus serrator"
"255","2 canard mandarin - autour sombre/25 harle piette.mp3","25 harle piette.mp3","harle piette","Mergellus albellus (Linnaeus, 1758)","Mergellus albellus"
"256","1 plongeon catmarin - tadorne casarca/29 he´ron cendre´.mp3","29 he´ron cendre´.mp3","he´ron cendre´","Ardea cinerea Linnaeus, 1758","Ardea cinerea"
"257","1 plongeon catmarin - tadorne casarca/25 he´ron gardeboeufs.mp3","25 he´ron gardeboeufs.mp3","he´ron gardeboeufs",NA,"bubulcus ibis"
"258","1 plongeon catmarin - tadorne casarca/30 he´ron pourpre´.mp3","30 he´ron pourpre´.mp3","he´ron pourpre´","Ardea purpurea Linnaeus, 1766","Ardea purpurea"
"259","5 sterne naine - martinet des maisons/40 hibou des marais.mp3","40 hibou des marais.mp3","hibou des marais","Asio flammeus (Pontoppidan, 1763)","Asio flammeus"
"260","5 sterne naine - martinet des maisons/41 hibou du Cap.mp3","41 hibou du Cap.mp3","hibou du cap",NA,"asio capensis"
"261","5 sterne naine - martinet des maisons/39 hibou moyen-duc.mp3","39 hibou moyen-duc.mp3","hibou moyen-duc","Asio otus (Linnaeus, 1758)","Asio otus"
"262","6 huppe fascie´e - pipit a` gorge rousse/39 hirondelle de fene^tre.mp3","39 hirondelle de fene^tre.mp3","hirondelle de fene^tre","Delichon urbicum (Linnaeus, 1758)","Delichon urbicum"
"263","6 huppe fascie´e - pipit a` gorge rousse/33 hirondelle de rivage.mp3","33 hirondelle de rivage.mp3","hirondelle de rivage","Riparia riparia (Linnaeus, 1758)","Riparia riparia"
"264","6 huppe fascie´e - pipit a` gorge rousse/35 hirondelle de rocher.mp3","35 hirondelle de rocher.mp3","hirondelle de rocher",NA,"ptyonoprogne rupestris"
"265","6 huppe fascie´e - pipit a` gorge rousse/36 hirondelle isabelline.mp3","36 hirondelle isabelline.mp3","hirondelle isabelline",NA,"ptyonoprogne fuligula"
"266","6 huppe fascie´e - pipit a` gorge rousse/34 hirondelle paludicole.mp3","34 hirondelle paludicole.mp3","hirondelle paludicole","Riparia paludicola (Vieillot, 1817)","Riparia paludicola"
"267","6 huppe fascie´e - pipit a` gorge rousse/38 hirondelle rousseline.mp3","38 hirondelle rousseline.mp3","hirondelle rousseline","Cecropis daurica (Laxmann, 1769)","Cecropis daurica"
"268","6 huppe fascie´e - pipit a` gorge rousse/37 hirondelle rustique.mp3","37 hirondelle rustique.mp3","hirondelle rustique","Hirundo rustica Linnaeus, 1758","Hirundo rustica"
"269","3 faucon cre´cerelle - glare´ole a` collier/42 hui¨trier pie.mp3","42 hui¨trier pie.mp3","hui¨trier pie","Haematopus ostralegus Linnaeus, 1758","Haematopus ostralegus"
"270","6 huppe fascie´e - pipit a` gorge rousse/01 huppe fascie´e.mp3","01 huppe fascie´e.mp3","huppe fascie´e","Upupa epops Linnaeus, 1758","Upupa epops"
"271","8 fauvette orphe´e - gobemouche a` demi-collier/30 hypolai¨s des oliviers.mp3","30 hypolai¨s des oliviers.mp3","hypolai¨s des oliviers",NA,"hippolais olivetorum"
"272","8 fauvette orphe´e - gobemouche a` demi-collier/28 hypolai¨s icte´rine.mp3","28 hypolai¨s icte´rine.mp3","hypolai¨s icte´rine","Hippolais icterina (Vieillot, 1817)","Hippolais icterina"
"273","8 fauvette orphe´e - gobemouche a` demi-collier/31 hypolai¨s pa^le.mp3","31 hypolai¨s pa^le.mp3","hypolai¨s pa^le","Iduna pallida (Hemprich & Ehrenberg, 1833)","Iduna pallida"
"274","8 fauvette orphe´e - gobemouche a` demi-collier/29 hypolai¨s polyglotte.mp3","29 hypolai¨s polyglotte.mp3","hypolai¨s polyglotte","Hippolais polyglotta (Vieillot, 1817)","Hippolais polyglotta"
"275","1 plongeon catmarin - tadorne casarca/33 ibis falcinelle.mp3","33 ibis falcinelle.mp3","ibis falcinelle","Plegadis falcinellus (Linnaeus, 1766)","Plegadis falcinellus"
"276","1 plongeon catmarin - tadorne casarca/34 ibis sacre´.mp3","34 ibis sacre´.mp3","ibis sacre´","Threskiornis aethiopicus (Latham, 1790)","Threskiornis aethiopicus"
"277","7 bergeronnette grise - fauvette a` te^te noire/06 jaseur bore´al.mp3","06 jaseur bore´al.mp3","jaseur bore´al","Bombycilla garrulus (Linnaeus, 1758)","Bombycilla garrulus"
"278","4 petit gravelot - goe´land a` ailes blanches/40 labbe a` longue queue.mp3","40 labbe a` longue queue.mp3","labbe a` longue queue","Stercorarius longicaudus Vieillot, 1819","Stercorarius longicaudus"
"279","4 petit gravelot - goe´land a` ailes blanches/39 labbe parasite.mp3","39 labbe parasite.mp3","labbe parasite","Stercorarius parasiticus (Linnaeus, 1758)","Stercorarius parasiticus"
"280","4 petit gravelot - goe´land a` ailes blanches/38 labbe pomarin.mp3","38 labbe pomarin.mp3","labbe pomarin","Stercorarius pomarinus (Temminck, 1815)","Stercorarius pomarinus"
"281","3 faucon cre´cerelle - glare´ole a` collier/12 lagope`de alpin.mp3","12 lagope`de alpin.mp3","lagope`de alpin","Lagopus muta (Montin, 1781)","Lagopus muta"
"282","3 faucon cre´cerelle - glare´ole a` collier/11 lagope`de des saules.mp3","11 lagope`de des saules.mp3","lagope`de des saules",NA,"lagopus lagopus"
"283","10 loriot d'europe - bruant striole´/14 linotte a` bec jaune.mp3","14 linotte a` bec jaune.mp3","linotte a` bec jaune","Linaria flavirostris (Linnaeus, 1758)","Linaria flavirostris"
"284","10 loriot d'europe - bruant striole´/13 linotte me´lodieuse.mp3","13 linotte me´lodieuse.mp3","linotte me´lodieuse","Linaria cannabina (Linnaeus, 1758)","Linaria cannabina"
"285","8 fauvette orphe´e - gobemouche a` demi-collier/20 locustelle fluviatile.mp3","20 locustelle fluviatile.mp3","locustelle fluviatile","Locustella fluviatilis (Wolf, 1810)","Locustella fluviatilis"
"286","8 fauvette orphe´e - gobemouche a` demi-collier/21 locustelle luscinioi¨de.mp3","21 locustelle luscinioi¨de.mp3","locustelle luscinioi¨de","Locustella luscinioides (Savi, 1824)","Locustella luscinioides"
"287","8 fauvette orphe´e - gobemouche a` demi-collier/19 locustelle tachete´e.mp3","19 locustelle tachete´e.mp3","locustelle tachete´e","Locustella naevia (Boddaert, 1783)","Locustella naevia"
"288","10 loriot d'europe - bruant striole´/01 loriot d'Europe.mp3","01 loriot d'Europe.mp3","loriot d'europe","Oriolus oriolus (Linnaeus, 1758)","Oriolus oriolus"
"289","8 fauvette orphe´e - gobemouche a` demi-collier/17 lusciniole a` moustaches.mp3","17 lusciniole a` moustaches.mp3","lusciniole a` moustaches","Acrocephalus melanopogon (Temminck, 1823)","Acrocephalus melanopogon"
"290","5 sterne naine - martinet des maisons/12 macareux moine.mp3","12 macareux moine.mp3","macareux moine","Fratercula arctica (Linnaeus, 1758)","Fratercula arctica"
"291","2 canard mandarin - autour sombre/20 macreuse brune.mp3","20 macreuse brune.mp3","macreuse brune","Melanitta fusca (Linnaeus, 1758)","Melanitta fusca"
"292","2 canard mandarin - autour sombre/19 macreuse noire.mp3","19 macreuse noire.mp3","macreuse noire","Melanitta nigra (Linnaeus, 1758)","Melanitta nigra"
"293","3 faucon cre´cerelle - glare´ole a` collier/34 marouette de Baillon.mp3","34 marouette de Baillon.mp3","marouette de baillon","Porzana pusilla (Pallas, 1776)","Porzana pusilla"
"294","3 faucon cre´cerelle - glare´ole a` collier/32 marouette ponctue´e.mp3","32 marouette ponctue´e.mp3","marouette ponctue´e","Porzana porzana (Linnaeus, 1766)","Porzana porzana"
"295","3 faucon cre´cerelle - glare´ole a` collier/33 marouette poussin.mp3","33 marouette poussin.mp3","marouette poussin","Porzana parva (Scopoli, 1769)","Porzana parva"
"296","6 huppe fascie´e - pipit a` gorge rousse/02 martin-pe^cheur d'Europe.mp3","02 martin-pe^cheur d'Europe.mp3","martin-pe^cheur d'europe","Alcedo atthis (Linnaeus, 1758)","Alcedo atthis"
"297","5 sterne naine - martinet des maisons/50 martinet a` ventre blanc.mp3","50 martinet a` ventre blanc.mp3","martinet a` ventre blanc","Tachymarptis melba (Linnaeus, 1758)","Tachymarptis melba"
"298","5 sterne naine - martinet des maisons/51 martinet cafre.mp3","51 martinet cafre.mp3","martinet cafre","Apus caffer (Lichtenstein, MHK, 1823)","Apus caffer"
"299","5 sterne naine - martinet des maisons/52 martinet des maisons.mp3","52 martinet des maisons.mp3","martinet des maisons","Apus affinis (Gray, JE, 1830)","Apus affinis"
"300","5 sterne naine - martinet des maisons/48 martinet noir.mp3","48 martinet noir.mp3","martinet noir","Apus apus (Linnaeus, 1758)","Apus apus"
"301","5 sterne naine - martinet des maisons/49 martinet pa^le.mp3","49 martinet pa^le.mp3","martinet pa^le","Apus pallidus (Shelley, 1870)","Apus pallidus"
"302","5 sterne naine - martinet des maisons/11 mergule nain.mp3","11 mergule nain.mp3","mergule nain","Alle alle (Linnaeus, 1758)","Alle alle"
"303","7 bergeronnette grise - fauvette a` te^te noire/39 merle a` plastron.mp3","39 merle a` plastron.mp3","merle a` plastron","Turdus torquatus Linnaeus, 1758","Turdus torquatus"
"304","7 bergeronnette grise - fauvette a` te^te noire/38 merle noir.mp3","38 merle noir.mp3","merle noir","Turdus merula Linnaeus, 1758","Turdus merula"
"305","9 me´sange charbonnie`re - e´tourneau roselin/10 me´sange a` longue queue.mp3","10 me´sange a` longue queue.mp3","me´sange a` longue queue","Aegithalos caudatus (Linnaeus, 1758)","Aegithalos caudatus"
"306","9 me´sange charbonnie`re - e´tourneau roselin/03 me´sange bleue.mp3","03 me´sange bleue.mp3","me´sange bleue","Cyanistes caeruleus (Linnaeus, 1758)","Cyanistes caeruleus"
"307","9 me´sange charbonnie`re - e´tourneau roselin/06 me´sange bore´ale (alpestre).mp3","06 me´sange bore´ale (alpestre).mp3","me´sange bore´ale (alpestre)",NA,"poecile montanus"
"308","9 me´sange charbonnie`re - e´tourneau roselin/05 me´sange bore´ale (de plaine).mp3","05 me´sange bore´ale (de plaine).mp3","me´sange bore´ale (de plaine)",NA,"poecile montanus"
"309","9 me´sange charbonnie`re - e´tourneau roselin/01 me´sange charbonnie`re.mp3","01 me´sange charbonnie`re.mp3","me´sange charbonnie`re","Parus major Linnaeus, 1758","Parus major"
"310","9 me´sange charbonnie`re - e´tourneau roselin/04 me´sange huppe´e.mp3","04 me´sange huppe´e.mp3","me´sange huppe´e","Lophophanes cristatus (Linnaeus, 1758)","Lophophanes cristatus"
"311","9 me´sange charbonnie`re - e´tourneau roselin/08 me´sange lapone.mp3","08 me´sange lapone.mp3","me´sange lapone",NA,"poecile cinctus"
"312","9 me´sange charbonnie`re - e´tourneau roselin/09 me´sange lugubre.mp3","09 me´sange lugubre.mp3","me´sange lugubre",NA,"poecile lugubris"
"313","9 me´sange charbonnie`re - e´tourneau roselin/02 me´sange noire.mp3","02 me´sange noire.mp3","me´sange noire","Periparus ater (Linnaeus, 1758)","Periparus ater"
"314","9 me´sange charbonnie`re - e´tourneau roselin/07 me´sange nonnette.mp3","07 me´sange nonnette.mp3","me´sange nonnette","Poecile palustris (Linnaeus, 1758)","Poecile palustris"
"315","9 me´sange charbonnie`re - e´tourneau roselin/32 me´sangeai imitateur.mp3","32 me´sangeai imitateur.mp3","me´sangeai imitateur",NA,"perisoreus infaustus"
"316","10 loriot d'europe - bruant striole´/06 moineau blanc.mp3","06 moineau blanc.mp3","moineau blanc",NA,"passer simplex"
"317","10 loriot d'europe - bruant striole´/02 moineau domestique.mp3","02 moineau domestique.mp3","moineau domestique","Passer domesticus (Linnaeus, 1758)","Passer domesticus"
"318","10 loriot d'europe - bruant striole´/03 moineau espagnol.mp3","03 moineau espagnol.mp3","moineau espagnol","Passer hispaniolensis (Temminck, 1820)","Passer hispaniolensis"
"319","10 loriot d'europe - bruant striole´/04 moineau friquet.mp3","04 moineau friquet.mp3","moineau friquet","Passer montanus (Linnaeus, 1758)","Passer montanus"
"320","10 loriot d'europe - bruant striole´/05 moineau soulcie.mp3","05 moineau soulcie.mp3","moineau soulcie","Petronia petronia (Linnaeus, 1766)","Petronia petronia"
"321","7 bergeronnette grise - fauvette a` te^te noire/32 monticole bleu.mp3","32 monticole bleu.mp3","monticole bleu","Monticola solitarius (Linnaeus, 1758)","Monticola solitarius"
"322","7 bergeronnette grise - fauvette a` te^te noire/33 monticole de roche.mp3","33 monticole de roche.mp3","monticole de roche","Monticola saxatilis (Linnaeus, 1766)","Monticola saxatilis"
"323","4 petit gravelot - goe´land a` ailes blanches/44 mouette me´lanoce´phale.mp3","44 mouette me´lanoce´phale.mp3","mouette me´lanoce´phale","Ichthyaetus melanocephalus (Temminck, 1820)","Ichthyaetus melanocephalus"
"324","4 petit gravelot - goe´land a` ailes blanches/50 mouette pygme´e.mp3","50 mouette pygme´e.mp3","mouette pygme´e","Hydrocoloeus minutus (Pallas, 1776)","Hydrocoloeus minutus"
"325","4 petit gravelot - goe´land a` ailes blanches/41 mouette rieuse.mp3","41 mouette rieuse.mp3","mouette rieuse","Chroicocephalus ridibundus (Linnaeus, 1766)","Chroicocephalus ridibundus"
"326","4 petit gravelot - goe´land a` ailes blanches/51 mouette tridactyle.mp3","51 mouette tridactyle.mp3","mouette tridactyle","Rissa tridactyla (Linnaeus, 1758)","Rissa tridactyla"
"327","2 canard mandarin - autour sombre/12 nette rousse.mp3","12 nette rousse.mp3","nette rousse","Netta rufina (Pallas, 1773)","Netta rufina"
"328","10 loriot d'europe - bruant striole´/07 niverolle alpine.mp3","07 niverolle alpine.mp3","niverolle alpine","Montifringilla nivalis (Linnaeus, 1766)","Montifringilla nivalis"
"329","1 plongeon catmarin - tadorne casarca/15 oce´anite culblanc.mp3","15 oce´anite culblanc.mp3","oce´anite culblanc","Oceanodroma leucorhoa (Vieillot, 1818)","Oceanodroma leucorhoa"
"330","1 plongeon catmarin - tadorne casarca/14 oce´anite tempe^te.mp3","14 oce´anite tempe^te.mp3","oce´anite tempe^te","Hydrobates pelagicus (Linnaeus, 1758)","Hydrobates pelagicus"
"331","3 faucon cre´cerelle - glare´ole a` collier/45 oedicne`me criard.mp3","45 oedicne`me criard.mp3","oedicne`me criard","Burhinus oedicnemus (Linnaeus, 1758)","Burhinus oedicnemus"
"332","1 plongeon catmarin - tadorne casarca/43 oie a` bec court.mp3","43 oie a` bec court.mp3","oie a` bec court","Anser brachyrhynchus Baillon, 1834","Anser brachyrhynchus"
"333","1 plongeon catmarin - tadorne casarca/44 oie cendre´e.mp3","44 oie cendre´e.mp3","oie cendre´e","Anser anser (Linnaeus, 1758)","Anser anser"
"334","1 plongeon catmarin - tadorne casarca/42 oie des moissons.mp3","42 oie des moissons.mp3","oie des moissons",NA,"anser fabalis"
"335","1 plongeon catmarin - tadorne casarca/41 oie naine.mp3","41 oie naine.mp3","oie naine","Anser erythropus (Linnaeus, 1758)","Anser erythropus"
"336","1 plongeon catmarin - tadorne casarca/40 oie rieuse.mp3","40 oie rieuse.mp3","oie rieuse","Anser albifrons (Scopoli, 1769)","Anser albifrons"
"337","3 faucon cre´cerelle - glare´ole a` collier/41 outarde canepetie`re.mp3","41 outarde canepetie`re.mp3","outarde canepetie`re","Tetrax tetrax (Linnaeus, 1758)","Tetrax tetrax"
"338","9 me´sange charbonnie`re - e´tourneau roselin/11 panure a` moustaches.mp3","11 panure a` moustaches.mp3","panure a` moustaches","Panurus biarmicus (Linnaeus, 1758)","Panurus biarmicus"
"339","1 plongeon catmarin - tadorne casarca/17 pe´lican blanc.mp3","17 pe´lican blanc.mp3","pe´lican blanc","Pelecanus onocrotalus Linnaeus, 1758","Pelecanus onocrotalus"
"340","1 plongeon catmarin - tadorne casarca/18 pe´lican frise´.mp3","18 pe´lican frise´.mp3","pe´lican frise´","Pelecanus crispus Bruch, 1832","Pelecanus crispus"
"341","3 faucon cre´cerelle - glare´ole a` collier/21 perdrix bartavelle.mp3","21 perdrix bartavelle.mp3","perdrix bartavelle","Alectoris graeca (Meisner, 1804)","Alectoris graeca"
"342","3 faucon cre´cerelle - glare´ole a` collier/22 perdrix bartavelle X rouge.mp3","22 perdrix bartavelle X rouge.mp3","perdrix bartavelle x rouge",NA,NA
"343","3 faucon cre´cerelle - glare´ole a` collier/24 perdrix choukar.mp3","24 perdrix choukar.mp3","perdrix choukar",NA,"alectoris chukar"
"344","3 faucon cre´cerelle - glare´ole a` collier/23 perdrix gambra.mp3","23 perdrix gambra.mp3","perdrix gambra",NA,"alectoris barbara"
"345","3 faucon cre´cerelle - glare´ole a` collier/25 perdrix grise.mp3","25 perdrix grise.mp3","perdrix grise","Perdix perdix (Linnaeus, 1758)","Perdix perdix"
"346","3 faucon cre´cerelle - glare´ole a` collier/20 perdrix rouge.mp3","20 perdrix rouge.mp3","perdrix rouge","Alectoris rufa (Linnaeus, 1758)","Alectoris rufa"
"347","6 huppe fascie´e - pipit a` gorge rousse/06 perruche a` collier.mp3","06 perruche a` collier.mp3","perruche a` collier","Psittacula krameri (Scopoli, 1769)","Psittacula krameri"
"348","5 sterne naine - martinet des maisons/44 petit-duc scops.mp3","44 petit-duc scops.mp3","petit-duc scops","Otus scops (Linnaeus, 1758)","Otus scops"
"349","4 petit gravelot - goe´land a` ailes blanches/01 petit gravelot.mp3","01 petit gravelot.mp3","petit gravelot","Charadrius dubius Scopoli, 1786","Charadrius dubius"
"350","4 petit gravelot - goe´land a` ailes blanches/35 phalarope a` bec e´troit.mp3","35 phalarope a` bec e´troit.mp3","phalarope a` bec e´troit","Phalaropus lobatus (Linnaeus, 1758)","Phalaropus lobatus"
"351","4 petit gravelot - goe´land a` ailes blanches/34 phalarope a` bec large.mp3","34 phalarope a` bec large.mp3","phalarope a` bec large","Phalaropus fulicarius (Linnaeus, 1758)","Phalaropus fulicarius"
"352","8 fauvette orphe´e - gobemouche a` demi-collier/16 phragmite aquatique.mp3","16 phragmite aquatique.mp3","phragmite aquatique","Acrocephalus paludicola (Vieillot, 1817)","Acrocephalus paludicola"
"353","8 fauvette orphe´e - gobemouche a` demi-collier/15 phragmite des joncs.mp3","15 phragmite des joncs.mp3","phragmite des joncs","Acrocephalus schoenobaenus (Linnaeus, 1758)","Acrocephalus schoenobaenus"
"354","6 huppe fascie´e - pipit a` gorge rousse/15 pic a` dos blanc.mp3","15 pic a` dos blanc.mp3","pic a` dos blanc","Dendrocopos leucotos (Bechstein, 1802)","Dendrocopos leucotos"
"355","6 huppe fascie´e - pipit a` gorge rousse/10 pic cendre´.mp3","10 pic cendre´.mp3","pic cendre´","Picus canus Gmelin, JF, 1788","Picus canus"
"356","6 huppe fascie´e - pipit a` gorge rousse/11 pic de Levaillant.mp3","11 pic de Levaillant.mp3","pic de levaillant",NA,"picus vaillanti"
"357","6 huppe fascie´e - pipit a` gorge rousse/12 pic e´peiche.mp3","12 pic e´peiche.mp3","pic e´peiche","Dendrocopos major (Linnaeus, 1758)","Dendrocopos major"
"358","6 huppe fascie´e - pipit a` gorge rousse/17 pic e´peichette.mp3","17 pic e´peichette.mp3","pic e´peichette","Dryobates minor (Linnaeus, 1758)","Dryobates minor"
"359","6 huppe fascie´e - pipit a` gorge rousse/14 pic mar.mp3","14 pic mar.mp3","pic mar","Dendrocoptes medius (Linnaeus, 1758)","Dendrocoptes medius"
"360","6 huppe fascie´e - pipit a` gorge rousse/07 pic noir.mp3","07 pic noir.mp3","pic noir","Dryocopus martius (Linnaeus, 1758)","Dryocopus martius"
"361","6 huppe fascie´e - pipit a` gorge rousse/13 pic syriaque.mp3","13 pic syriaque.mp3","pic syriaque",NA,"dendrocopos syriacus"
"362","6 huppe fascie´e - pipit a` gorge rousse/16 pic tridactyle.mp3","16 pic tridactyle.mp3","pic tridactyle","Picoides tridactylus (Linnaeus, 1758)","Picoides tridactylus"
"363","6 huppe fascie´e - pipit a` gorge rousse/08 pic vert.mp3","08 pic vert.mp3","pic vert","Picus viridis Linnaeus, 1758","Picus viridis"
"364","6 huppe fascie´e - pipit a` gorge rousse/09 pic vert de Sharp.mp3","09 pic vert de Sharp.mp3","pic vert de sharp",NA,"picus sharpei"
"365","9 me´sange charbonnie`re - e´tourneau roselin/25 pie-grie`che a` poitrine rose.mp3","25 pie-grie`che a` poitrine rose.mp3","pie-grie`che a` poitrine rose","Lanius minor Gmelin, JF, 1788","Lanius minor"
"366","9 me´sange charbonnie`re - e´tourneau roselin/21 pie-grie`che a` te^te rousse.mp3","21 pie-grie`che a` te^te rousse.mp3","pie-grie`che a` te^te rousse","Lanius senator Linnaeus, 1758","Lanius senator"
"367","9 me´sange charbonnie`re - e´tourneau roselin/20 pie-grie`che e´corcheur.mp3","20 pie-grie`che e´corcheur.mp3","pie-grie`che e´corcheur","Lanius collurio Linnaeus, 1758","Lanius collurio"
"368","9 me´sange charbonnie`re - e´tourneau roselin/23 pie-grie`che grise.mp3","23 pie-grie`che grise.mp3","pie-grie`che grise","Lanius excubitor Linnaeus, 1758","Lanius excubitor"
"369","9 me´sange charbonnie`re - e´tourneau roselin/22 pie-grie`che masque´e.mp3","22 pie-grie`che masque´e.mp3","pie-grie`che masque´e","Lanius nubicus Lichtenstein, MHK, 1823","Lanius nubicus"
"370","9 me´sange charbonnie`re - e´tourneau roselin/24 pie-grie`che me´ridionale.mp3","24 pie-grie`che me´ridionale.mp3","pie-grie`che me´ridionale","Lanius meridionalis Temminck, 1820","Lanius meridionalis"
"371","9 me´sange charbonnie`re - e´tourneau roselin/29 pie bavarde.mp3","29 pie bavarde.mp3","pie bavarde","Pica pica (Linnaeus, 1758)","Pica pica"
"372","9 me´sange charbonnie`re - e´tourneau roselin/30 pie bavarde africaine.mp3","30 pie bavarde africaine.mp3","pie bavarde africaine",NA,"pica pica"
"373","9 me´sange charbonnie`re - e´tourneau roselin/28 pie bleue.mp3","28 pie bleue.mp3","pie bleue",NA,"cyanopica cyanus"
"374","5 sterne naine - martinet des maisons/22 pigeon biset domestique.mp3","22 pigeon biset domestique.mp3","pigeon biset domestique",NA,"columba livia"
"375","5 sterne naine - martinet des maisons/23 pigeon colombin.mp3","23 pigeon colombin.mp3","pigeon colombin","Columba oenas Linnaeus, 1758","Columba oenas"
"376","5 sterne naine - martinet des maisons/24 pigeon ramier.mp3","24 pigeon ramier.mp3","pigeon ramier","Columba palumbus Linnaeus, 1758","Columba palumbus"
"377","5 sterne naine - martinet des maisons/16 pingouin torda.mp3","16 pingouin torda.mp3","pingouin torda","Alca torda Linnaeus, 1758","Alca torda"
"378","10 loriot d'europe - bruant striole´/10 pinson des arbres.mp3","10 pinson des arbres.mp3","pinson des arbres","Fringilla coelebs Linnaeus, 1758","Fringilla coelebs"
"379","10 loriot d'europe - bruant striole´/12 pinson du Nord.mp3","12 pinson du Nord.mp3","pinson du nord","Fringilla montifringilla Linnaeus, 1758","Fringilla montifringilla"
"380","6 huppe fascie´e - pipit a` gorge rousse/46 pipit a` gorge rousse.mp3","46 pipit a` gorge rousse.mp3","pipit a` gorge rousse","Anthus cervinus (Pallas, 1811)","Anthus cervinus"
"381","6 huppe fascie´e - pipit a` gorge rousse/41 pipit de Richard.mp3","41 pipit de Richard.mp3","pipit de richard","Anthus richardi Vieillot, 1818","Anthus richardi"
"382","6 huppe fascie´e - pipit a` gorge rousse/45 pipit des arbres.mp3","45 pipit des arbres.mp3","pipit des arbres","Anthus trivialis (Linnaeus, 1758)","Anthus trivialis"
"383","6 huppe fascie´e - pipit a` gorge rousse/49 pipit farlousanne babille atypique.mp3","49 pipit farlousanne babille atypique.mp3","pipit farlousanne babille atypique",NA,NA
"384","6 huppe fascie´e - pipit a` gorge rousse/48 pipit farlousanne cri en vol hivernal.mp3","48 pipit farlousanne cri en vol hivernal.mp3","pipit farlousanne cri en vol hivernal",NA,NA
"385","6 huppe fascie´e - pipit a` gorge rousse/47 pipit farlousanne cri typique.mp3","47 pipit farlousanne cri typique.mp3","pipit farlousanne cri typique",NA,NA
"386","6 huppe fascie´e - pipit a` gorge rousse/44 pipit farlouse.mp3","44 pipit farlouse.mp3","pipit farlouse","Anthus pratensis (Linnaeus, 1758)","Anthus pratensis"
"387","6 huppe fascie´e - pipit a` gorge rousse/43 pipit maritime.mp3","43 pipit maritime.mp3","pipit maritime","Anthus petrosus (Montagu, 1798)","Anthus petrosus"
"388","6 huppe fascie´e - pipit a` gorge rousse/40 pipit rousseline.mp3","40 pipit rousseline.mp3","pipit rousseline","Anthus campestris (Linnaeus, 1758)","Anthus campestris"
"389","6 huppe fascie´e - pipit a` gorge rousse/42 pipit spioncelle.mp3","42 pipit spioncelle.mp3","pipit spioncelle","Anthus spinoletta (Linnaeus, 1758)","Anthus spinoletta"
"390","1 plongeon catmarin - tadorne casarca/04 plongeon a` bec blanc.mp3","04 plongeon a` bec blanc.mp3","plongeon a` bec blanc","Gavia adamsii (Gray, GR, 1859)","Gavia adamsii"
"391","1 plongeon catmarin - tadorne casarca/02 plongeon arctique.mp3","02 plongeon arctique.mp3","plongeon arctique","Gavia arctica (Linnaeus, 1758)","Gavia arctica"
"392","1 plongeon catmarin - tadorne casarca/01 plongeon catmarin.mp3","01 plongeon catmarin.mp3","plongeon catmarin","Gavia stellata (Pontoppidan, 1763)","Gavia stellata"
"393","1 plongeon catmarin - tadorne casarca/03 plongeon imbrin.mp3","03 plongeon imbrin.mp3","plongeon imbrin","Gavia immer (Brünnich, 1764)","Gavia immer"
"394","4 petit gravelot - goe´land a` ailes blanches/04 pluvier argente´.mp3","04 pluvier argente´.mp3","pluvier argente´","Pluvialis squatarola (Linnaeus, 1758)","Pluvialis squatarola"
"395","4 petit gravelot - goe´land a` ailes blanches/06 pluvier dore´.mp3","06 pluvier dore´.mp3","pluvier dore´","Pluvialis apricaria (Linnaeus, 1758)","Pluvialis apricaria"
"396","4 petit gravelot - goe´land a` ailes blanches/05 pluvier guignard.mp3","05 pluvier guignard.mp3","pluvier guignard",NA,"charadrius morinellus"
"397","8 fauvette orphe´e - gobemouche a` demi-collier/37 pouillot bore´al.mp3","37 pouillot bore´al.mp3","pouillot bore´al","Phylloscopus borealis (Blasius, JH, 1858)","Phylloscopus borealis"
"398","8 fauvette orphe´e - gobemouche a` demi-collier/34 pouillot de Bonelli.mp3","34 pouillot de Bonelli.mp3","pouillot de bonelli","Phylloscopus bonelli (Vieillot, 1819)","Phylloscopus bonelli"
"399","Pouillot de Hume.mp3","Pouillot de Hume.mp3","pouillot de hume","Phylloscopus humei (Brooks, WE, 1878)","Phylloscopus humei"
"400","Pouillot de Hume2.mp3","Pouillot de Hume2.mp3","pouillot de hume","Phylloscopus humei (Brooks, WE, 1878)","Phylloscopus humei"
"401","Pouillot de Hume3.mp3","Pouillot de Hume3.mp3","pouillot de hume","Phylloscopus humei (Brooks, WE, 1878)","Phylloscopus humei"
"402","8 fauvette orphe´e - gobemouche a` demi-collier/32 pouillot fitis.mp3","32 pouillot fitis.mp3","pouillot fitis","Phylloscopus trochilus (Linnaeus, 1758)","Phylloscopus trochilus"
"403","8 fauvette orphe´e - gobemouche a` demi-collier/33 pouillot siffleur.mp3","33 pouillot siffleur.mp3","pouillot siffleur","Phylloscopus sibilatrix (Bechstein, 1793)","Phylloscopus sibilatrix"
"404","8 fauvette orphe´e - gobemouche a` demi-collier/35 pouillot ve´loce.mp3","35 pouillot ve´loce.mp3","pouillot ve´loce","Phylloscopus collybita (Vieillot, 1817)","Phylloscopus collybita"
"405","8 fauvette orphe´e - gobemouche a` demi-collier/36 pouillot ve´loce ibe´rique.mp3","36 pouillot ve´loce ibe´rique.mp3","pouillot ve´loce ibe´rique",NA,"phylloscopus ibericus"
"406","8 fauvette orphe´e - gobemouche a` demi-collier/38 pouillot verda^tre.mp3","38 pouillot verda^tre.mp3","pouillot verda^tre","Phylloscopus trochiloides (Sundevall, 1837)","Phylloscopus trochiloides"
"407","1 plongeon catmarin - tadorne casarca/11 puffin cendre´.mp3","11 puffin cendre´.mp3","puffin cendre´","Calonectris borealis (Cory, 1881)","Calonectris borealis"
"408","1 plongeon catmarin - tadorne casarca/13 puffin de Me´diterrane´e.mp3","13 puffin de Me´diterrane´e.mp3","puffin de me´diterrane´e",NA,"puffinus yelkouan"
"409","1 plongeon catmarin - tadorne casarca/12 puffin des Anglais.mp3","12 puffin des Anglais.mp3","puffin des anglais","Puffinus puffinus (Brünnich, 1764)","Puffinus puffinus"
"410","3 faucon cre´cerelle - glare´ole a` collier/31 ra^le d'eau.mp3","31 ra^le d'eau.mp3","ra^le d'eau","Rallus aquaticus Linnaeus, 1758","Rallus aquaticus"
"411","3 faucon cre´cerelle - glare´ole a` collier/28 ra^le des gene^ts.mp3","28 ra^le des gene^ts.mp3","ra^le des gene^ts","Crex crex (Linnaeus, 1758)","Crex crex"
"412","9 me´sange charbonnie`re - e´tourneau roselin/12 re´miz penduline.mp3","12 re´miz penduline.mp3","re´miz penduline","Remiz pendulinus (Linnaeus, 1758)","Remiz pendulinus"
"413","7 bergeronnette grise - fauvette a` te^te noire/15 robin a` flancs roux.mp3","15 robin a` flancs roux.mp3","robin a` flancs roux","Tarsiger cyanurus (Pallas, 1773)","Tarsiger cyanurus"
"414","8 fauvette orphe´e - gobemouche a` demi-collier/39 roitelet huppe´.mp3","39 roitelet huppe´.mp3","roitelet huppe´","Regulus regulus (Linnaeus, 1758)","Regulus regulus"
"415","8 fauvette orphe´e - gobemouche a` demi-collier/40 roitelet triple bandeau.mp3","40 roitelet triple bandeau.mp3","roitelet triple bandeau",NA,"regulus ignicapilla"
"416","6 huppe fascie´e - pipit a` gorge rousse/05 rollier d'Europe.mp3","05 rollier d'Europe.mp3","rollier d'europe","Coracias garrulus Linnaeus, 1758","Coracias garrulus"
"417","10 loriot d'europe - bruant striole´/31 roselin a` ailes roses.mp3","31 roselin a` ailes roses.mp3","roselin a` ailes roses",NA,"rhodopechys sanguineus"
"418","10 loriot d'europe - bruant striole´/29 roselin cramoisi.mp3","29 roselin cramoisi.mp3","roselin cramoisi","Carpodacus erythrinus (Pallas, 1770)","Carpodacus erythrinus"
"419","10 loriot d'europe - bruant striole´/30 roselin githagine.mp3","30 roselin githagine.mp3","roselin githagine","Bucanetes githagineus (Lichtenstein, MHK, 1823)","Bucanetes githagineus"
"420","7 bergeronnette grise - fauvette a` te^te noire/11 rossignol philome`le.mp3","11 rossignol philome`le.mp3","rossignol philome`le","Luscinia megarhynchos Brehm, CL, 1831","Luscinia megarhynchos"
"421","7 bergeronnette grise - fauvette a` te^te noire/12 rossignol progne´.mp3","12 rossignol progne´.mp3","rossignol progne´","Luscinia luscinia (Linnaeus, 1758)","Luscinia luscinia"
"422","7 bergeronnette grise - fauvette a` te^te noire/10 rougegorge familier.mp3","10 rougegorge familier.mp3","rougegorge familier","Erithacus rubecula (Linnaeus, 1758)","Erithacus rubecula"
"423","7 bergeronnette grise - fauvette a` te^te noire/16 rougequeue a` front blanc.mp3","16 rougequeue a` front blanc.mp3","rougequeue a` front blanc","Phoenicurus phoenicurus (Linnaeus, 1758)","Phoenicurus phoenicurus"
"424","7 bergeronnette grise - fauvette a` te^te noire/18 rougequeue de Moussier.mp3","18 rougequeue de Moussier.mp3","rougequeue de moussier","Phoenicurus moussieri (Olphe-Galliard, 1852)","Phoenicurus moussieri"
"425","7 bergeronnette grise - fauvette a` te^te noire/17 rougequeue noir.mp3","17 rougequeue noir.mp3","rougequeue noir","Phoenicurus ochruros (Gmelin, SG, 1774)","Phoenicurus ochruros"
"426","8 fauvette orphe´e - gobemouche a` demi-collier/25 rousserolle des buissons.mp3","25 rousserolle des buissons.mp3","rousserolle des buissons","Acrocephalus dumetorum Blyth, 1849","Acrocephalus dumetorum"
"427","8 fauvette orphe´e - gobemouche a` demi-collier/23 rousserolle effarvate.mp3","23 rousserolle effarvate.mp3","rousserolle effarvate",NA,"acrocephalus scirpaceus"
"428","8 fauvette orphe´e - gobemouche a` demi-collier/26 rousserolle isabelle.mp3","26 rousserolle isabelle.mp3","rousserolle isabelle","Acrocephalus agricola (Jerdon, 1845)","Acrocephalus agricola"
"429","8 fauvette orphe´e - gobemouche a` demi-collier/27 rousserolle turdoi¨de.mp3","27 rousserolle turdoi¨de.mp3","rousserolle turdoi¨de","Acrocephalus arundinaceus (Linnaeus, 1758)","Acrocephalus arundinaceus"
"430","8 fauvette orphe´e - gobemouche a` demi-collier/24 rousserolle verderolle.mp3","24 rousserolle verderolle.mp3","rousserolle verderolle","Acrocephalus palustris (Bechstein, 1798)","Acrocephalus palustris"
"431","2 canard mandarin - autour sombre/10 sarcelle d'e´te´.mp3","10 sarcelle d'e´te´.mp3","sarcelle d'e´te´","Spatula querquedula (Linnaeus, 1758)","Spatula querquedula"
"432","2 canard mandarin - autour sombre/09 sarcelle d'hiver.mp3","09 sarcelle d'hiver.mp3","sarcelle d'hiver","Anas crecca Linnaeus, 1758","Anas crecca"
"433","2 canard mandarin - autour sombre/08 sarcelle marbre´e.mp3","08 sarcelle marbre´e.mp3","sarcelle marbre´e","Marmaronetta angustirostris (Ménétries, 1832)","Marmaronetta angustirostris"
"434","10 loriot d'europe - bruant striole´/21 serin cini.mp3","21 serin cini.mp3","serin cini","Serinus serinus (Linnaeus, 1766)","Serinus serinus"
"435","6 huppe fascie´e - pipit a` gorge rousse/31 sirli de Dupont.mp3","31 sirli de Dupont.mp3","sirli de dupont","Chersophilus duponti (Vieillot, 1824)","Chersophilus duponti"
"436","6 huppe fascie´e - pipit a` gorge rousse/32 sirli du de´sert.mp3","32 sirli du de´sert.mp3","sirli du de´sert",NA,"alaemon alaudipes"
"437","9 me´sange charbonnie`re - e´tourneau roselin/14 sittelle corse.mp3","14 sittelle corse.mp3","sittelle corse","Sitta whiteheadi Sharpe, 1884","Sitta whiteheadi"
"438","9 me´sange charbonnie`re - e´tourneau roselin/15 sittelle de Neumayer.mp3","15 sittelle de Neumayer.mp3","sittelle de neumayer",NA,"sitta neumayer"
"439","9 me´sange charbonnie`re - e´tourneau roselin/13 sittelle torchepot.mp3","13 sittelle torchepot.mp3","sittelle torchepot","Sitta europaea Linnaeus, 1758","Sitta europaea"
"440","10 loriot d'europe - bruant striole´/16 sizerin blancha^tre.mp3","16 sizerin blancha^tre.mp3","sizerin blancha^tre","Acanthis hornemanni (Holböll, 1843)","Acanthis hornemanni"
"441","10 loriot d'europe - bruant striole´/15 sizerin flamme´.mp3","15 sizerin flamme´.mp3","sizerin flamme´","Acanthis flammea (Linnaeus, 1758)","Acanthis flammea"
"442","1 plongeon catmarin - tadorne casarca/35 spatule blanche.mp3","35 spatule blanche.mp3","spatule blanche","Platalea leucorodia Linnaeus, 1758","Platalea leucorodia"
"443","5 sterne naine - martinet des maisons/05 sterne arctique.mp3","05 sterne arctique.mp3","sterne arctique","Sterna paradisaea Pontoppidan, 1763","Sterna paradisaea"
"444","5 sterne naine - martinet des maisons/07 sterne caspienne.mp3","07 sterne caspienne.mp3","sterne caspienne","Hydroprogne caspia (Pallas, 1770)","Hydroprogne caspia"
"445","5 sterne naine - martinet des maisons/02 sterne caugek.mp3","02 sterne caugek.mp3","sterne caugek","Thalasseus sandvicensis (Latham, 1787)","Thalasseus sandvicensis"
"446","5 sterne naine - martinet des maisons/06 sterne de Dougall.mp3","06 sterne de Dougall.mp3","sterne de dougall","Sterna dougallii Montagu, 1813","Sterna dougallii"
"447","5 sterne naine - martinet des maisons/03 sterne hansel.mp3","03 sterne hansel.mp3","sterne hansel","Gelochelidon nilotica (Gmelin, JF, 1789)","Gelochelidon nilotica"
"448","5 sterne naine - martinet des maisons/01 sterne naine.mp3","01 sterne naine.mp3","sterne naine","Sternula albifrons (Pallas, 1764)","Sternula albifrons"
"449","5 sterne naine - martinet des maisons/04 sterne pierregarin.mp3","04 sterne pierregarin.mp3","sterne pierregarin","Sterna hirundo Linnaeus, 1758","Sterna hirundo"
"450","1 plongeon catmarin - tadorne casarca/50 tadorne casarca.mp3","50 tadorne casarca.mp3","tadorne casarca","Tadorna ferruginea (Pallas, 1764)","Tadorna ferruginea"
"451","1 plongeon catmarin - tadorne casarca/49 tadorne de Belon.mp3","49 tadorne de Belon.mp3","tadorne de belon","Tadorna tadorna (Linnaeus, 1758)","Tadorna tadorna"
"452","3 faucon cre´cerelle - glare´ole a` collier/38 tale`ve sultane.mp3","38 tale`ve sultane.mp3","tale`ve sultane","Porphyrio porphyrio (Linnaeus, 1758)","Porphyrio porphyrio"
"453","7 bergeronnette grise - fauvette a` te^te noire/30 tarier des pre´s.mp3","30 tarier des pre´s.mp3","tarier des pre´s","Saxicola rubetra (Linnaeus, 1758)","Saxicola rubetra"
"454","7 bergeronnette grise - fauvette a` te^te noire/31 tarier pa^tre.mp3","31 tarier pa^tre.mp3","tarier pa^tre","Saxicola rubicola (Linnaeus, 1766)","Saxicola rubicola"
"455","10 loriot d'europe - bruant striole´/19 tarin des aulnes.mp3","19 tarin des aulnes.mp3","tarin des aulnes","Spinus spinus (Linnaeus, 1758)","Spinus spinus"
"456","9 me´sange charbonnie`re - e´tourneau roselin/26 tchagra a` te^te noire.mp3","26 tchagra a` te^te noire.mp3","tchagra a` te^te noire",NA,"tchagra senegalus"
"457","3 faucon cre´cerelle - glare´ole a` collier/14 te´tras lyre.mp3","14 te´tras lyre.mp3","te´tras lyre","Lyrurus tetrix (Linnaeus, 1758)","Lyrurus tetrix"
"458","9 me´sange charbonnie`re - e´tourneau roselin/16 tichodrome e´chelette.mp3","16 tichodrome e´chelette.mp3","tichodrome e´chelette","Tichodroma muraria (Linnaeus, 1766)","Tichodroma muraria"
"459","6 huppe fascie´e - pipit a` gorge rousse/18 torcol fourmilier.mp3","18 torcol fourmilier.mp3","torcol fourmilier","Jynx torquilla Linnaeus, 1758","Jynx torquilla"
"460","4 petit gravelot - goe´land a` ailes blanches/12 tournepierre a` collier.mp3","12 tournepierre a` collier.mp3","tournepierre a` collier","Arenaria interpres (Linnaeus, 1758)","Arenaria interpres"
"461","5 sterne naine - martinet des maisons/26 tourterelle des bois.mp3","26 tourterelle des bois.mp3","tourterelle des bois","Streptopelia turtur (Linnaeus, 1758)","Streptopelia turtur"
"462","5 sterne naine - martinet des maisons/27 tourterelle maille´e.mp3","27 tourterelle maille´e.mp3","tourterelle maille´e",NA,"spilopelia senegalensis"
"463","5 sterne naine - martinet des maisons/25 tourterelle turque.mp3","25 tourterelle turque.mp3","tourterelle turque","Streptopelia decaocto (Frivaldszky, 1838)","Streptopelia decaocto"
"464","7 bergeronnette grise - fauvette a` te^te noire/27 traquet a` te^te blanche.mp3","27 traquet a` te^te blanche.mp3","traquet a` te^te blanche","Oenanthe leucopyga (Brehm, CL, 1855)","Oenanthe leucopyga"
"465","7 bergeronnette grise - fauvette a` te^te noire/29 traquet a` te^te grise.mp3","29 traquet a` te^te grise.mp3","traquet a` te^te grise",NA,"oenanthe moesta"
"466","7 bergeronnette grise - fauvette a` te^te noire/25 traquet de Chypre.mp3","25 traquet de Chypre.mp3","traquet de chypre",NA,"oenanthe cypriaca"
"467","7 bergeronnette grise - fauvette a` te^te noire/26 traquet deuil.mp3","26 traquet deuil.mp3","traquet deuil",NA,"oenanthe lugens"
"468","7 bergeronnette grise - fauvette a` te^te noire/22 traquet du de´sert.mp3","22 traquet du de´sert.mp3","traquet du de´sert","Oenanthe deserti (Temminck, 1825)","Oenanthe deserti"
"469","7 bergeronnette grise - fauvette a` te^te noire/21 traquet isabelle.mp3","21 traquet isabelle.mp3","traquet isabelle","Oenanthe isabellina (Temminck, 1829)","Oenanthe isabellina"
"470","7 bergeronnette grise - fauvette a` te^te noire/19 traquet motteux.mp3","19 traquet motteux.mp3","traquet motteux","Oenanthe oenanthe (Linnaeus, 1758)","Oenanthe oenanthe"
"471","7 bergeronnette grise - fauvette a` te^te noire/20 traquet motteux africain.mp3","20 traquet motteux africain.mp3","traquet motteux africain",NA,"oenanthe seebohmi"
"472","7 bergeronnette grise - fauvette a` te^te noire/23 traquet oreillard.mp3","23 traquet oreillard.mp3","traquet oreillard","Oenanthe hispanica (Linnaeus, 1758)","Oenanthe hispanica"
"473","7 bergeronnette grise - fauvette a` te^te noire/24 traquet pie.mp3","24 traquet pie.mp3","traquet pie","Oenanthe pleschanka (Lepechin, 1770)","Oenanthe pleschanka"
"474","7 bergeronnette grise - fauvette a` te^te noire/28 traquet rieur.mp3","28 traquet rieur.mp3","traquet rieur","Oenanthe leucura (Gmelin, JF, 1789)","Oenanthe leucura"
"475","7 bergeronnette grise - fauvette a` te^te noire/04 troglodyte mignon.mp3","04 troglodyte mignon.mp3","troglodyte mignon","Troglodytes troglodytes (Linnaeus, 1758)","Troglodytes troglodytes"
"476","3 faucon cre´cerelle - glare´ole a` collier/27 turnix mugissant.mp3","27 turnix mugissant.mp3","turnix mugissant",NA,"turnix sylvaticus"
"477","4 petit gravelot - goe´land a` ailes blanches/08 vanneau e´peronne´.mp3","08 vanneau e´peronne´.mp3","vanneau e´peronne´",NA,"vanellus spinosus"
"478","4 petit gravelot - goe´land a` ailes blanches/07 vanneau huppe´.mp3","07 vanneau huppe´.mp3","vanneau huppe´","Vanellus vanellus (Linnaeus, 1758)","Vanellus vanellus"
"479","10 loriot d'europe - bruant striole´/20 venturon montagnard.mp3","20 venturon montagnard.mp3","venturon montagnard","Carduelis citrinella (Pallas, 1764)","Carduelis citrinella"
"480","10 loriot d'europe - bruant striole´/18 verdier d'Europe.mp3","18 verdier d'Europe.mp3","verdier d'europe","Chloris chloris (Linnaeus, 1758)","Chloris chloris"
