path,file
1 plongeon catmarin - tadorne casarca/01 plongeon catmarin.mp3,01 plongeon catmarin.mp3
1 plongeon catmarin - tadorne casarca/02 plongeon arctique.mp3,02 plongeon arctique.mp3
1 plongeon catmarin - tadorne casarca/03 plongeon imbrin.mp3,03 plongeon imbrin.mp3
1 plongeon catmarin - tadorne casarca/04 plongeon à bec blanc.mp3,04 plongeon à bec blanc.mp3
1 plongeon catmarin - tadorne casarca/05 grèbe esclavon.mp3,05 grèbe esclavon.mp3
1 plongeon catmarin - tadorne casarca/06 grèbe à cou noir.mp3,06 grèbe à cou noir.mp3
1 plongeon catmarin - tadorne casarca/07 grèbe castagneux.mp3,07 grèbe castagneux.mp3
1 plongeon catmarin - tadorne casarca/08 grèbe huppé.mp3,08 grèbe huppé.mp3
1 plongeon catmarin - tadorne casarca/09 grèbe jougris.mp3,09 grèbe jougris.mp3
1 plongeon catmarin - tadorne casarca/10 fulmar boréal.mp3,10 fulmar boréal.mp3
1 plongeon catmarin - tadorne casarca/11 puffin cendré.mp3,11 puffin cendré.mp3
1 plongeon catmarin - tadorne casarca/12 puffin des Anglais.mp3,12 puffin des Anglais.mp3
1 plongeon catmarin - tadorne casarca/13 puffin de Méditerranée.mp3,13 puffin de Méditerranée.mp3
1 plongeon catmarin - tadorne casarca/14 océanite tempête.mp3,14 océanite tempête.mp3
1 plongeon catmarin - tadorne casarca/15 océanite culblanc.mp3,15 océanite culblanc.mp3
1 plongeon catmarin - tadorne casarca/16 fou de Bassan.mp3,16 fou de Bassan.mp3
1 plongeon catmarin - tadorne casarca/17 pélican blanc.mp3,17 pélican blanc.mp3
1 plongeon catmarin - tadorne casarca/18 pélican frisé.mp3,18 pélican frisé.mp3
1 plongeon catmarin - tadorne casarca/19 grand cormoran.mp3,19 grand cormoran.mp3
1 plongeon catmarin - tadorne casarca/20 cormoran huppé.mp3,20 cormoran huppé.mp3
1 plongeon catmarin - tadorne casarca/21 cormoran pygmée.mp3,21 cormoran pygmée.mp3
1 plongeon catmarin - tadorne casarca/22 butor étoilé.mp3,22 butor étoilé.mp3
1 plongeon catmarin - tadorne casarca/23 blongios nain.mp3,23 blongios nain.mp3
1 plongeon catmarin - tadorne casarca/24 bihoreau gris.mp3,24 bihoreau gris.mp3
1 plongeon catmarin - tadorne casarca/25 héron gardeboeufs.mp3,25 héron gardeboeufs.mp3
1 plongeon catmarin - tadorne casarca/26 crabier chevelu.mp3,26 crabier chevelu.mp3
1 plongeon catmarin - tadorne casarca/27 aigrette garzette.mp3,27 aigrette garzette.mp3
1 plongeon catmarin - tadorne casarca/28 grande aigrette.mp3,28 grande aigrette.mp3
1 plongeon catmarin - tadorne casarca/29 héron cendré.mp3,29 héron cendré.mp3
1 plongeon catmarin - tadorne casarca/30 héron pourpré.mp3,30 héron pourpré.mp3
1 plongeon catmarin - tadorne casarca/31 cigogne blanche.mp3,31 cigogne blanche.mp3
1 plongeon catmarin - tadorne casarca/32 cigogne noire.mp3,32 cigogne noire.mp3
1 plongeon catmarin - tadorne casarca/33 ibis falcinelle.mp3,33 ibis falcinelle.mp3
1 plongeon catmarin - tadorne casarca/34 ibis sacré.mp3,34 ibis sacré.mp3
1 plongeon catmarin - tadorne casarca/35 spatule blanche.mp3,35 spatule blanche.mp3
1 plongeon catmarin - tadorne casarca/36 flamant rose.mp3,36 flamant rose.mp3
1 plongeon catmarin - tadorne casarca/37 cygne tuberculé.mp3,37 cygne tuberculé.mp3
1 plongeon catmarin - tadorne casarca/38 cygne chanteur.mp3,38 cygne chanteur.mp3
1 plongeon catmarin - tadorne casarca/39 cygne de Bewick.mp3,39 cygne de Bewick.mp3
1 plongeon catmarin - tadorne casarca/40 oie rieuse.mp3,40 oie rieuse.mp3
1 plongeon catmarin - tadorne casarca/41 oie naine.mp3,41 oie naine.mp3
1 plongeon catmarin - tadorne casarca/42 oie des moissons.mp3,42 oie des moissons.mp3
1 plongeon catmarin - tadorne casarca/43 oie à bec court.mp3,43 oie à bec court.mp3
1 plongeon catmarin - tadorne casarca/44 oie cendrée.mp3,44 oie cendrée.mp3
1 plongeon catmarin - tadorne casarca/45 bernache du Canada.mp3,45 bernache du Canada.mp3
1 plongeon catmarin - tadorne casarca/46 bernache nonnette.mp3,46 bernache nonnette.mp3
1 plongeon catmarin - tadorne casarca/47 bernache cravant.mp3,47 bernache cravant.mp3
1 plongeon catmarin - tadorne casarca/48 bernache à cou roux.mp3,48 bernache à cou roux.mp3
1 plongeon catmarin - tadorne casarca/49 tadorne de Belon.mp3,49 tadorne de Belon.mp3
1 plongeon catmarin - tadorne casarca/50 tadorne casarca.mp3,50 tadorne casarca.mp3
10 loriot d'europe - bruant striolé/01 loriot d'Europe.mp3,01 loriot d'Europe.mp3
10 loriot d'europe - bruant striolé/02 moineau domestique.mp3,02 moineau domestique.mp3
10 loriot d'europe - bruant striolé/03 moineau espagnol.mp3,03 moineau espagnol.mp3
10 loriot d'europe - bruant striolé/04 moineau friquet.mp3,04 moineau friquet.mp3
10 loriot d'europe - bruant striolé/05 moineau soulcie.mp3,05 moineau soulcie.mp3
10 loriot d'europe - bruant striolé/06 moineau blanc.mp3,06 moineau blanc.mp3
10 loriot d'europe - bruant striolé/07 niverolle alpine.mp3,07 niverolle alpine.mp3
10 loriot d'europe - bruant striolé/08 astrild ondulé.mp3,08 astrild ondulé.mp3
10 loriot d'europe - bruant striolé/09 bengali rouge.mp3,09 bengali rouge.mp3
10 loriot d'europe - bruant striolé/10 pinson des arbres.mp3,10 pinson des arbres.mp3
10 loriot d'europe - bruant striolé/12 pinson du Nord.mp3,12 pinson du Nord.mp3
10 loriot d'europe - bruant striolé/13 linotte mélodieuse.mp3,13 linotte mélodieuse.mp3
10 loriot d'europe - bruant striolé/14 linotte à bec jaune.mp3,14 linotte à bec jaune.mp3
10 loriot d'europe - bruant striolé/15 sizerin flammé.mp3,15 sizerin flammé.mp3
10 loriot d'europe - bruant striolé/16 sizerin blanchâtre.mp3,16 sizerin blanchâtre.mp3
10 loriot d'europe - bruant striolé/17 chardonneret élégant.mp3,17 chardonneret élégant.mp3
10 loriot d'europe - bruant striolé/18 verdier d'Europe.mp3,18 verdier d'Europe.mp3
10 loriot d'europe - bruant striolé/19 tarin des aulnes.mp3,19 tarin des aulnes.mp3
10 loriot d'europe - bruant striolé/20 venturon montagnard.mp3,20 venturon montagnard.mp3
10 loriot d'europe - bruant striolé/21 serin cini.mp3,21 serin cini.mp3
10 loriot d'europe - bruant striolé/22 bouvreuil pivoine.mp3,22 bouvreuil pivoine.mp3
10 loriot d'europe - bruant striolé/22bis Bouvreuil des Komis (1).mp3,22bis Bouvreuil des Komis (1).mp3
10 loriot d'europe - bruant striolé/22bis Bouvreuil des Komis (2).mp3,22bis Bouvreuil des Komis (2).mp3
10 loriot d'europe - bruant striolé/22bis Bouvreuil des Komis.mp3,22bis Bouvreuil des Komis.mp3
10 loriot d'europe - bruant striolé/23 durbec des sapins.mp3,23 durbec des sapins.mp3
10 loriot d'europe - bruant striolé/24 grosbec casse-noyaux.mp3,24 grosbec casse-noyaux.mp3
10 loriot d'europe - bruant striolé/25 beccroisé perroquet.mp3,25 beccroisé perroquet.mp3
10 loriot d'europe - bruant striolé/26 beccroisé d'Ecosse.mp3,26 beccroisé d'Ecosse.mp3
10 loriot d'europe - bruant striolé/27 beccroisé des sapins.mp3,27 beccroisé des sapins.mp3
10 loriot d'europe - bruant striolé/28 beccroisé bifascié.mp3,28 beccroisé bifascié.mp3
10 loriot d'europe - bruant striolé/29 roselin cramoisi.mp3,29 roselin cramoisi.mp3
10 loriot d'europe - bruant striolé/30 roselin githagine.mp3,30 roselin githagine.mp3
10 loriot d'europe - bruant striolé/31 roselin à ailes roses.mp3,31 roselin à ailes roses.mp3
10 loriot d'europe - bruant striolé/32 bruant des roseaux.mp3,32 bruant des roseaux.mp3
10 loriot d'europe - bruant striolé/33 bruant nain.mp3,33 bruant nain.mp3
10 loriot d'europe - bruant striolé/34 bruant des neiges.mp3,34 bruant des neiges.mp3
10 loriot d'europe - bruant striolé/35 bruant lapon.mp3,35 bruant lapon.mp3
10 loriot d'europe - bruant striolé/36 bruant rustique.mp3,36 bruant rustique.mp3
10 loriot d'europe - bruant striolé/37 bruant ortolan.mp3,37 bruant ortolan.mp3
10 loriot d'europe - bruant striolé/38 bruant cendrillard.mp3,38 bruant cendrillard.mp3
10 loriot d'europe - bruant striolé/39 bruant jaune.mp3,39 bruant jaune.mp3
10 loriot d'europe - bruant striolé/40 bruant zizi.mp3,40 bruant zizi.mp3
10 loriot d'europe - bruant striolé/41 bruant cendré.mp3,41 bruant cendré.mp3
10 loriot d'europe - bruant striolé/42 bruant mélanocéphale.mp3,42 bruant mélanocéphale.mp3
10 loriot d'europe - bruant striolé/43 bruant auréole.mp3,43 bruant auréole.mp3
10 loriot d'europe - bruant striolé/44 bruant proyer.mp3,44 bruant proyer.mp3
10 loriot d'europe - bruant striolé/45 bruant fou.mp3,45 bruant fou.mp3
10 loriot d'europe - bruant striolé/46 bruant striolé.mp3,46 bruant striolé.mp3
2 canard mandarin - autour sombre/01 canard mandarin.mp3,01 canard mandarin.mp3
2 canard mandarin - autour sombre/02 canard carolin.mp3,02 canard carolin.mp3
2 canard mandarin - autour sombre/03 canard colvert.mp3,03 canard colvert.mp3
2 canard mandarin - autour sombre/04 canard chipeau.mp3,04 canard chipeau.mp3
2 canard mandarin - autour sombre/05 canard pilet.mp3,05 canard pilet.mp3
2 canard mandarin - autour sombre/06 canard souchet.mp3,06 canard souchet.mp3
2 canard mandarin - autour sombre/07 canard siffleur.mp3,07 canard siffleur.mp3
2 canard mandarin - autour sombre/08 sarcelle marbrée.mp3,08 sarcelle marbrée.mp3
2 canard mandarin - autour sombre/09 sarcelle d'hiver.mp3,09 sarcelle d'hiver.mp3
2 canard mandarin - autour sombre/10 sarcelle d'été.mp3,10 sarcelle d'été.mp3
2 canard mandarin - autour sombre/11 fuligule milouin.mp3,11 fuligule milouin.mp3
2 canard mandarin - autour sombre/12 nette rousse.mp3,12 nette rousse.mp3
2 canard mandarin - autour sombre/13 fuligule nyroca.mp3,13 fuligule nyroca.mp3
2 canard mandarin - autour sombre/14 fuligule milouinan.mp3,14 fuligule milouinan.mp3
2 canard mandarin - autour sombre/15 fuligule morillon.mp3,15 fuligule morillon.mp3
2 canard mandarin - autour sombre/16 eider à duvet.mp3,16 eider à duvet.mp3
2 canard mandarin - autour sombre/17 eider à tête grise.mp3,17 eider à tête grise.mp3
2 canard mandarin - autour sombre/18 eider de Steller.mp3,18 eider de Steller.mp3
2 canard mandarin - autour sombre/19 macreuse noire.mp3,19 macreuse noire.mp3
2 canard mandarin - autour sombre/20 macreuse brune.mp3,20 macreuse brune.mp3
2 canard mandarin - autour sombre/21 harelde boréale.mp3,21 harelde boréale.mp3
2 canard mandarin - autour sombre/22 arlequin plongeur.mp3,22 arlequin plongeur.mp3
2 canard mandarin - autour sombre/23 garrot à oeil d'or.mp3,23 garrot à oeil d'or.mp3
2 canard mandarin - autour sombre/24 garrot d'Islande.mp3,24 garrot d'Islande.mp3
2 canard mandarin - autour sombre/25 harle piette.mp3,25 harle piette.mp3
2 canard mandarin - autour sombre/26 harle bièvre.mp3,26 harle bièvre.mp3
2 canard mandarin - autour sombre/27 harle huppé.mp3,27 harle huppé.mp3
2 canard mandarin - autour sombre/28 érismature à tête blanche.mp3,28 érismature à tête blanche.mp3
2 canard mandarin - autour sombre/29 érismature rousse.mp3,29 érismature rousse.mp3
2 canard mandarin - autour sombre/30 gypaëte barbu.mp3,30 gypaëte barbu.mp3
2 canard mandarin - autour sombre/49 busard cendré.mp3,49 busard cendré.mp3
2 canard mandarin - autour sombre/50 buse pattue.mp3,50 buse pattue.mp3
2 canard mandarin - autour sombre/51 buse féroce.mp3,51 buse féroce.mp3
2 canard mandarin - autour sombre/52 buse variable.mp3,52 buse variable.mp3
2 canard mandarin - autour sombre/53 bondrée apivore.mp3,53 bondrée apivore.mp3
2 canard mandarin - autour sombre/54 épervier d'Europe.mp3,54 épervier d'Europe.mp3
2 canard mandarin - autour sombre/55 épervier à pieds courts.mp3,55 épervier à pieds courts.mp3
2 canard mandarin - autour sombre/56 autour des palombe.mp3,56 autour des palombe.mp3
2 canard mandarin - autour sombre/57 autour sombre.mp3,57 autour sombre.mp3
3 faucon crécerelle - glaréole à collier/01 faucon crécerelle.mp3,01 faucon crécerelle.mp3
3 faucon crécerelle - glaréole à collier/02 faucon crécerellette.mp3,02 faucon crécerellette.mp3
3 faucon crécerelle - glaréole à collier/03 faucon kobez.mp3,03 faucon kobez.mp3
3 faucon crécerelle - glaréole à collier/04 faucon hobereau.mp3,04 faucon hobereau.mp3
3 faucon crécerelle - glaréole à collier/05 faucon d'Eléonore.mp3,05 faucon d'Eléonore.mp3
3 faucon crécerelle - glaréole à collier/06 faucon pélerin.mp3,06 faucon pélerin.mp3
3 faucon crécerelle - glaréole à collier/07 faucon émerillon.mp3,07 faucon émerillon.mp3
3 faucon crécerelle - glaréole à collier/08 faucon gerfaut.mp3,08 faucon gerfaut.mp3
3 faucon crécerelle - glaréole à collier/09 faucon sacre.mp3,09 faucon sacre.mp3
3 faucon crécerelle - glaréole à collier/10 faucon lanier.mp3,10 faucon lanier.mp3
3 faucon crécerelle - glaréole à collier/11 lagopède des saules.mp3,11 lagopède des saules.mp3
3 faucon crécerelle - glaréole à collier/12 lagopède alpin.mp3,12 lagopède alpin.mp3
3 faucon crécerelle - glaréole à collier/13 grand tétras.mp3,13 grand tétras.mp3
3 faucon crécerelle - glaréole à collier/14 tétras lyre.mp3,14 tétras lyre.mp3
3 faucon crécerelle - glaréole à collier/15 gélinotte des bois.mp3,15 gélinotte des bois.mp3
3 faucon crécerelle - glaréole à collier/16 francolin noir.mp3,16 francolin noir.mp3
3 faucon crécerelle - glaréole à collier/17 francolin à double-éperon.mp3,17 francolin à double-éperon.mp3
3 faucon crécerelle - glaréole à collier/18 colin de Californie.mp3,18 colin de Californie.mp3
3 faucon crécerelle - glaréole à collier/19 colin de Virgine.mp3,19 colin de Virgine.mp3
3 faucon crécerelle - glaréole à collier/20 perdrix rouge.mp3,20 perdrix rouge.mp3
3 faucon crécerelle - glaréole à collier/21 perdrix bartavelle.mp3,21 perdrix bartavelle.mp3
3 faucon crécerelle - glaréole à collier/22 perdrix bartavelle X rouge.mp3,22 perdrix bartavelle X rouge.mp3
3 faucon crécerelle - glaréole à collier/23 perdrix gambra.mp3,23 perdrix gambra.mp3
3 faucon crécerelle - glaréole à collier/24 perdrix choukar.mp3,24 perdrix choukar.mp3
3 faucon crécerelle - glaréole à collier/25 perdrix grise.mp3,25 perdrix grise.mp3
3 faucon crécerelle - glaréole à collier/26 caille des blés.mp3,26 caille des blés.mp3
3 faucon crécerelle - glaréole à collier/27 turnix mugissant.mp3,27 turnix mugissant.mp3
3 faucon crécerelle - glaréole à collier/28 râle des genêts.mp3,28 râle des genêts.mp3
3 faucon crécerelle - glaréole à collier/29 faisan de Colchide.mp3,29 faisan de Colchide.mp3
3 faucon crécerelle - glaréole à collier/30 faisan doré.mp3,30 faisan doré.mp3
3 faucon crécerelle - glaréole à collier/31 râle d'eau.mp3,31 râle d'eau.mp3
3 faucon crécerelle - glaréole à collier/32 marouette ponctuée.mp3,32 marouette ponctuée.mp3
3 faucon crécerelle - glaréole à collier/33 marouette poussin.mp3,33 marouette poussin.mp3
3 faucon crécerelle - glaréole à collier/34 marouette de Baillon.mp3,34 marouette de Baillon.mp3
3 faucon crécerelle - glaréole à collier/35 gallinule poule-d'eau.mp3,35 gallinule poule-d'eau.mp3
3 faucon crécerelle - glaréole à collier/36 foulque macroule.mp3,36 foulque macroule.mp3
3 faucon crécerelle - glaréole à collier/37 foulque caronculée.mp3,37 foulque caronculée.mp3
3 faucon crécerelle - glaréole à collier/38 talève sultane.mp3,38 talève sultane.mp3
3 faucon crécerelle - glaréole à collier/39 grue cendrée.mp3,39 grue cendrée.mp3
3 faucon crécerelle - glaréole à collier/40 grande outarde.mp3,40 grande outarde.mp3
3 faucon crécerelle - glaréole à collier/41 outarde canepetière.mp3,41 outarde canepetière.mp3
3 faucon crécerelle - glaréole à collier/42 huïtrier pie.mp3,42 huïtrier pie.mp3
3 faucon crécerelle - glaréole à collier/43 avocette élégante.mp3,43 avocette élégante.mp3
3 faucon crécerelle - glaréole à collier/44 échasse blanche.mp3,44 échasse blanche.mp3
3 faucon crécerelle - glaréole à collier/45 oedicnème criard.mp3,45 oedicnème criard.mp3
3 faucon crécerelle - glaréole à collier/46 courvite isabelle.mp3,46 courvite isabelle.mp3
3 faucon crécerelle - glaréole à collier/47 glaréole à collier.mp3,47 glaréole à collier.mp3
4 petit gravelot - goéland à ailes blanches/01 petit gravelot.mp3,01 petit gravelot.mp3
4 petit gravelot - goéland à ailes blanches/02 grand gravelot.mp3,02 grand gravelot.mp3
4 petit gravelot - goéland à ailes blanches/03 gravelot à collier interrompu.mp3,03 gravelot à collier interrompu.mp3
4 petit gravelot - goéland à ailes blanches/04 pluvier argenté.mp3,04 pluvier argenté.mp3
4 petit gravelot - goéland à ailes blanches/05 pluvier guignard.mp3,05 pluvier guignard.mp3
4 petit gravelot - goéland à ailes blanches/06 pluvier doré.mp3,06 pluvier doré.mp3
4 petit gravelot - goéland à ailes blanches/07 vanneau huppé.mp3,07 vanneau huppé.mp3
4 petit gravelot - goéland à ailes blanches/08 vanneau éperonné.mp3,08 vanneau éperonné.mp3
4 petit gravelot - goéland à ailes blanches/09 bécasseau maubèche.mp3,09 bécasseau maubèche.mp3
4 petit gravelot - goéland à ailes blanches/10 bécasseau sanderling.mp3,10 bécasseau sanderling.mp3
4 petit gravelot - goéland à ailes blanches/11 bécasseau violet.mp3,11 bécasseau violet.mp3
4 petit gravelot - goéland à ailes blanches/12 tournepierre à collier.mp3,12 tournepierre à collier.mp3
4 petit gravelot - goéland à ailes blanches/13 bécasseau variable.mp3,13 bécasseau variable.mp3
4 petit gravelot - goéland à ailes blanches/14 bécasseau cocorli.mp3,14 bécasseau cocorli.mp3
4 petit gravelot - goéland à ailes blanches/15 bécasseau falcinelle.mp3,15 bécasseau falcinelle.mp3
4 petit gravelot - goéland à ailes blanches/16 bécasseau de Temminck.mp3,16 bécasseau de Temminck.mp3
4 petit gravelot - goéland à ailes blanches/17 bécasseau minute.mp3,17 bécasseau minute.mp3
4 petit gravelot - goéland à ailes blanches/17a Bécasseau semipalmé.mp3,17a Bécasseau semipalmé.mp3
4 petit gravelot - goéland à ailes blanches/18 chevalier sylvain.mp3,18 chevalier sylvain.mp3
4 petit gravelot - goéland à ailes blanches/19 chevalier culblanc.mp3,19 chevalier culblanc.mp3
4 petit gravelot - goéland à ailes blanches/20 chevalier guignette.mp3,20 chevalier guignette.mp3
4 petit gravelot - goéland à ailes blanches/20a Chevalier grivelé.mp3,20a Chevalier grivelé.mp3
4 petit gravelot - goéland à ailes blanches/21 chevalier bargette.mp3,21 chevalier bargette.mp3
4 petit gravelot - goéland à ailes blanches/22 chevalier gambette.mp3,22 chevalier gambette.mp3
4 petit gravelot - goéland à ailes blanches/23 chevalier arlequin.mp3,23 chevalier arlequin.mp3
4 petit gravelot - goéland à ailes blanches/24 chevalier aboyeur.mp3,24 chevalier aboyeur.mp3
4 petit gravelot - goéland à ailes blanches/24a Chevalier criard.mp3,24a Chevalier criard.mp3
4 petit gravelot - goéland à ailes blanches/25 chevalier stagnatile.mp3,25 chevalier stagnatile.mp3
4 petit gravelot - goéland à ailes blanches/25a Bécassin à long bec.mp3,25a Bécassin à long bec.mp3
4 petit gravelot - goéland à ailes blanches/26 barge á queue noire.mp3,26 barge á queue noire.mp3
4 petit gravelot - goéland à ailes blanches/27 barge rousse.mp3,27 barge rousse.mp3
4 petit gravelot - goéland à ailes blanches/28 courlis cendré.mp3,28 courlis cendré.mp3
4 petit gravelot - goéland à ailes blanches/29 courlis corlieu.mp3,29 courlis corlieu.mp3
4 petit gravelot - goéland à ailes blanches/2a Gravelot kildir.mp3,2a Gravelot kildir.mp3
4 petit gravelot - goéland à ailes blanches/30 bécasse des bois.mp3,30 bécasse des bois.mp3
4 petit gravelot - goéland à ailes blanches/31 bécassine double.mp3,31 bécassine double.mp3
4 petit gravelot - goéland à ailes blanches/32 bécassine des marais.mp3,32 bécassine des marais.mp3
4 petit gravelot - goéland à ailes blanches/33 bécassine sourde.mp3,33 bécassine sourde.mp3
4 petit gravelot - goéland à ailes blanches/34 phalarope à bec large.mp3,34 phalarope à bec large.mp3
4 petit gravelot - goéland à ailes blanches/35 phalarope à bec étroit.mp3,35 phalarope à bec étroit.mp3
4 petit gravelot - goéland à ailes blanches/36 combattant varié.mp3,36 combattant varié.mp3
4 petit gravelot - goéland à ailes blanches/37 grand labbe.mp3,37 grand labbe.mp3
4 petit gravelot - goéland à ailes blanches/38 labbe pomarin.mp3,38 labbe pomarin.mp3
4 petit gravelot - goéland à ailes blanches/39 labbe parasite.mp3,39 labbe parasite.mp3
4 petit gravelot - goéland à ailes blanches/40 labbe à longue queue.mp3,40 labbe à longue queue.mp3
4 petit gravelot - goéland à ailes blanches/41 mouette rieuse.mp3,41 mouette rieuse.mp3
4 petit gravelot - goéland à ailes blanches/42 goéland railleur.mp3,42 goéland railleur.mp3
4 petit gravelot - goéland à ailes blanches/43 goéland cendré.mp3,43 goéland cendré.mp3
4 petit gravelot - goéland à ailes blanches/44 mouette mélanocéphale.mp3,44 mouette mélanocéphale.mp3
4 petit gravelot - goéland à ailes blanches/45 goéland argenté.mp3,45 goéland argenté.mp3
4 petit gravelot - goéland à ailes blanches/46 goéland leucophée.mp3,46 goéland leucophée.mp3
4 petit gravelot - goéland à ailes blanches/47 goéland d'Audoin.mp3,47 goéland d'Audoin.mp3
4 petit gravelot - goéland à ailes blanches/48 goéland brun.mp3,48 goéland brun.mp3
4 petit gravelot - goéland à ailes blanches/49 goéland marin.mp3,49 goéland marin.mp3
4 petit gravelot - goéland à ailes blanches/50 mouette pygmée.mp3,50 mouette pygmée.mp3
4 petit gravelot - goéland à ailes blanches/51 mouette tridactyle.mp3,51 mouette tridactyle.mp3
4 petit gravelot - goéland à ailes blanches/52 goéland bourgmestre.mp3,52 goéland bourgmestre.mp3
4 petit gravelot - goéland à ailes blanches/53 goéland à ailes blanches.mp3,53 goéland à ailes blanches.mp3
5 sterne naine - martinet des maisons/01 sterne naine.mp3,01 sterne naine.mp3
5 sterne naine - martinet des maisons/02 sterne caugek.mp3,02 sterne caugek.mp3
5 sterne naine - martinet des maisons/03 sterne hansel.mp3,03 sterne hansel.mp3
5 sterne naine - martinet des maisons/04 sterne pierregarin.mp3,04 sterne pierregarin.mp3
5 sterne naine - martinet des maisons/05 sterne arctique.mp3,05 sterne arctique.mp3
5 sterne naine - martinet des maisons/06 sterne de Dougall.mp3,06 sterne de Dougall.mp3
5 sterne naine - martinet des maisons/07 sterne caspienne.mp3,07 sterne caspienne.mp3
5 sterne naine - martinet des maisons/08 guifette noire.mp3,08 guifette noire.mp3
5 sterne naine - martinet des maisons/09 guifette leucoptère.mp3,09 guifette leucoptère.mp3
5 sterne naine - martinet des maisons/10 guifette moustac.mp3,10 guifette moustac.mp3
5 sterne naine - martinet des maisons/11 mergule nain.mp3,11 mergule nain.mp3
5 sterne naine - martinet des maisons/12 macareux moine.mp3,12 macareux moine.mp3
5 sterne naine - martinet des maisons/13 guillemot à miroir.mp3,13 guillemot à miroir.mp3
5 sterne naine - martinet des maisons/14 guillemot de Troïl.mp3,14 guillemot de Troïl.mp3
5 sterne naine - martinet des maisons/15 guillemot de Brünnich.mp3,15 guillemot de Brünnich.mp3
5 sterne naine - martinet des maisons/16 pingouin torda.mp3,16 pingouin torda.mp3
5 sterne naine - martinet des maisons/17 ganga unibande.mp3,17 ganga unibande.mp3
5 sterne naine - martinet des maisons/18 ganga cata.mp3,18 ganga cata.mp3
5 sterne naine - martinet des maisons/19 ganga tacheté.mp3,19 ganga tacheté.mp3
5 sterne naine - martinet des maisons/20 ganga couronné.mp3,20 ganga couronné.mp3
5 sterne naine - martinet des maisons/21 ganga de Lichtenstein.mp3,21 ganga de Lichtenstein.mp3
5 sterne naine - martinet des maisons/22 pigeon biset domestique.mp3,22 pigeon biset domestique.mp3
5 sterne naine - martinet des maisons/23 pigeon colombin.mp3,23 pigeon colombin.mp3
5 sterne naine - martinet des maisons/24 pigeon ramier.mp3,24 pigeon ramier.mp3
5 sterne naine - martinet des maisons/25 tourterelle turque.mp3,25 tourterelle turque.mp3
5 sterne naine - martinet des maisons/26 tourterelle des bois.mp3,26 tourterelle des bois.mp3
5 sterne naine - martinet des maisons/27 tourterelle maillée.mp3,27 tourterelle maillée.mp3
5 sterne naine - martinet des maisons/28 coucou gris.mp3,28 coucou gris.mp3
5 sterne naine - martinet des maisons/29 coucou geai.mp3,29 coucou geai.mp3
5 sterne naine - martinet des maisons/30 chouette hulotte.mp3,30 chouette hulotte.mp3
5 sterne naine - martinet des maisons/31 chouette hulotte africaine.mp3,31 chouette hulotte africaine.mp3
5 sterne naine - martinet des maisons/32 grand-duc d'Europe.mp3,32 grand-duc d'Europe.mp3
5 sterne naine - martinet des maisons/33 chouette lapone.mp3,33 chouette lapone.mp3
5 sterne naine - martinet des maisons/34 chouette de l'Oural.mp3,34 chouette de l'Oural.mp3
5 sterne naine - martinet des maisons/35 harfang des neiges.mp3,35 harfang des neiges.mp3
5 sterne naine - martinet des maisons/36 chouette épervière.mp3,36 chouette épervière.mp3
5 sterne naine - martinet des maisons/37 chouette de Tengmalm.mp3,37 chouette de Tengmalm.mp3
5 sterne naine - martinet des maisons/38 chevêchette d'Europe.mp3,38 chevêchette d'Europe.mp3
5 sterne naine - martinet des maisons/39 hibou moyen-duc.mp3,39 hibou moyen-duc.mp3
5 sterne naine - martinet des maisons/40 hibou des marais.mp3,40 hibou des marais.mp3
5 sterne naine - martinet des maisons/41 hibou du Cap.mp3,41 hibou du Cap.mp3
5 sterne naine - martinet des maisons/42 effraie des clochers.mp3,42 effraie des clochers.mp3
5 sterne naine - martinet des maisons/43 chevêche d'Athéna.mp3,43 chevêche d'Athéna.mp3
5 sterne naine - martinet des maisons/44 petit-duc scops.mp3,44 petit-duc scops.mp3
5 sterne naine - martinet des maisons/45 engoulevent d'Europe.mp3,45 engoulevent d'Europe.mp3
5 sterne naine - martinet des maisons/46 engoulevent à collier roux.mp3,46 engoulevent à collier roux.mp3
5 sterne naine - martinet des maisons/47 engoulevent du désert.mp3,47 engoulevent du désert.mp3
5 sterne naine - martinet des maisons/48 martinet noir.mp3,48 martinet noir.mp3
5 sterne naine - martinet des maisons/49 martinet pâle.mp3,49 martinet pâle.mp3
5 sterne naine - martinet des maisons/50 martinet à ventre blanc.mp3,50 martinet à ventre blanc.mp3
5 sterne naine - martinet des maisons/51 martinet cafre.mp3,51 martinet cafre.mp3
5 sterne naine - martinet des maisons/52 martinet des maisons.mp3,52 martinet des maisons.mp3
6 huppe fasciée - pipit à gorge rousse/01 huppe fasciée.mp3,01 huppe fasciée.mp3
6 huppe fasciée - pipit à gorge rousse/02 martin-pêcheur d'Europe.mp3,02 martin-pêcheur d'Europe.mp3
6 huppe fasciée - pipit à gorge rousse/03 guêpier d'Europe.mp3,03 guêpier d'Europe.mp3
6 huppe fasciée - pipit à gorge rousse/04 guêpier de Perse.mp3,04 guêpier de Perse.mp3
6 huppe fasciée - pipit à gorge rousse/05 rollier d'Europe.mp3,05 rollier d'Europe.mp3
6 huppe fasciée - pipit à gorge rousse/06 perruche à collier.mp3,06 perruche à collier.mp3
6 huppe fasciée - pipit à gorge rousse/07 pic noir.mp3,07 pic noir.mp3
6 huppe fasciée - pipit à gorge rousse/08 pic vert.mp3,08 pic vert.mp3
6 huppe fasciée - pipit à gorge rousse/09 pic vert de Sharp.mp3,09 pic vert de Sharp.mp3
6 huppe fasciée - pipit à gorge rousse/10 pic cendré.mp3,10 pic cendré.mp3
6 huppe fasciée - pipit à gorge rousse/11 pic de Levaillant.mp3,11 pic de Levaillant.mp3
6 huppe fasciée - pipit à gorge rousse/12 pic épeiche.mp3,12 pic épeiche.mp3
6 huppe fasciée - pipit à gorge rousse/13 pic syriaque.mp3,13 pic syriaque.mp3
6 huppe fasciée - pipit à gorge rousse/14 pic mar.mp3,14 pic mar.mp3
6 huppe fasciée - pipit à gorge rousse/15 pic à dos blanc.mp3,15 pic à dos blanc.mp3
6 huppe fasciée - pipit à gorge rousse/16 pic tridactyle.mp3,16 pic tridactyle.mp3
6 huppe fasciée - pipit à gorge rousse/17 pic épeichette.mp3,17 pic épeichette.mp3
6 huppe fasciée - pipit à gorge rousse/18 torcol fourmilier.mp3,18 torcol fourmilier.mp3
6 huppe fasciée - pipit à gorge rousse/19 alouette des champs.mp3,19 alouette des champs.mp3
6 huppe fasciée - pipit à gorge rousse/20 cochevis huppé.mp3,20 cochevis huppé.mp3
6 huppe fasciée - pipit à gorge rousse/21 cochevis de Thékla.mp3,21 cochevis de Thékla.mp3
6 huppe fasciée - pipit à gorge rousse/22 alouette lulu.mp3,22 alouette lulu.mp3
6 huppe fasciée - pipit à gorge rousse/23 alouette calandrelle.mp3,23 alouette calandrelle.mp3
6 huppe fasciée - pipit à gorge rousse/24 alouette pispolette.mp3,24 alouette pispolette.mp3
6 huppe fasciée - pipit à gorge rousse/25 ammomane isabelle.mp3,25 ammomane isabelle.mp3
6 huppe fasciée - pipit à gorge rousse/26 ammomane élégante.mp3,26 ammomane élégante.mp3
6 huppe fasciée - pipit à gorge rousse/27 alouette calandre.mp3,27 alouette calandre.mp3
6 huppe fasciée - pipit à gorge rousse/28 alouette de Clotbey.mp3,28 alouette de Clotbey.mp3
6 huppe fasciée - pipit à gorge rousse/29 alouette haussecol.mp3,29 alouette haussecol.mp3
6 huppe fasciée - pipit à gorge rousse/30 alouette bilophe.mp3,30 alouette bilophe.mp3
6 huppe fasciée - pipit à gorge rousse/31 sirli de Dupont.mp3,31 sirli de Dupont.mp3
6 huppe fasciée - pipit à gorge rousse/32 sirli du désert.mp3,32 sirli du désert.mp3
6 huppe fasciée - pipit à gorge rousse/33 hirondelle de rivage.mp3,33 hirondelle de rivage.mp3
6 huppe fasciée - pipit à gorge rousse/34 hirondelle paludicole.mp3,34 hirondelle paludicole.mp3
6 huppe fasciée - pipit à gorge rousse/35 hirondelle de rocher.mp3,35 hirondelle de rocher.mp3
6 huppe fasciée - pipit à gorge rousse/36 hirondelle isabelline.mp3,36 hirondelle isabelline.mp3
6 huppe fasciée - pipit à gorge rousse/37 hirondelle rustique.mp3,37 hirondelle rustique.mp3
6 huppe fasciée - pipit à gorge rousse/38 hirondelle rousseline.mp3,38 hirondelle rousseline.mp3
6 huppe fasciée - pipit à gorge rousse/39 hirondelle de fenêtre.mp3,39 hirondelle de fenêtre.mp3
6 huppe fasciée - pipit à gorge rousse/40 pipit rousseline.mp3,40 pipit rousseline.mp3
6 huppe fasciée - pipit à gorge rousse/41 pipit de Richard.mp3,41 pipit de Richard.mp3
6 huppe fasciée - pipit à gorge rousse/41bis pipit de godlewskii.mp3,41bis pipit de godlewskii.mp3
6 huppe fasciée - pipit à gorge rousse/42 pipit spioncelle.mp3,42 pipit spioncelle.mp3
6 huppe fasciée - pipit à gorge rousse/43 pipit maritime.mp3,43 pipit maritime.mp3
6 huppe fasciée - pipit à gorge rousse/44 pipit farlouse.mp3,44 pipit farlouse.mp3
6 huppe fasciée - pipit à gorge rousse/45 pipit des arbres.mp3,45 pipit des arbres.mp3
6 huppe fasciée - pipit à gorge rousse/46 pipit à gorge rousse.mp3,46 pipit à gorge rousse.mp3
6 huppe fasciée - pipit à gorge rousse/47 pipit farlousanne cri typique.mp3,47 pipit farlousanne cri typique.mp3
6 huppe fasciée - pipit à gorge rousse/48 pipit farlousanne cri en vol hivernal.mp3,48 pipit farlousanne cri en vol hivernal.mp3
6 huppe fasciée - pipit à gorge rousse/49 pipit farlousanne babille atypique.mp3,49 pipit farlousanne babille atypique.mp3
7 bergeronnette grise - fauvette à tête noire/01 bergeronnette grise.mp3,01 bergeronnette grise.mp3
7 bergeronnette grise - fauvette à tête noire/02 bergeronnette printanière.mp3,02 bergeronnette printanière.mp3
7 bergeronnette grise - fauvette à tête noire/03 bergeronnette des ruisseaux.mp3,03 bergeronnette des ruisseaux.mp3
7 bergeronnette grise - fauvette à tête noire/04 troglodyte mignon.mp3,04 troglodyte mignon.mp3
7 bergeronnette grise - fauvette à tête noire/05 cincle plongeur.mp3,05 cincle plongeur.mp3
7 bergeronnette grise - fauvette à tête noire/06 jaseur boréal.mp3,06 jaseur boréal.mp3
7 bergeronnette grise - fauvette à tête noire/07 bulbul des jardins.mp3,07 bulbul des jardins.mp3
7 bergeronnette grise - fauvette à tête noire/08 accenteur mouchet.mp3,08 accenteur mouchet.mp3
7 bergeronnette grise - fauvette à tête noire/09 accenteur alpin.mp3,09 accenteur alpin.mp3
7 bergeronnette grise - fauvette à tête noire/10 rougegorge familier.mp3,10 rougegorge familier.mp3
7 bergeronnette grise - fauvette à tête noire/11 rossignol philomèle.mp3,11 rossignol philomèle.mp3
7 bergeronnette grise - fauvette à tête noire/12 rossignol progné.mp3,12 rossignol progné.mp3
7 bergeronnette grise - fauvette à tête noire/13 agrobate roux.mp3,13 agrobate roux.mp3
7 bergeronnette grise - fauvette à tête noire/14 gorgebleue à miroir.mp3,14 gorgebleue à miroir.mp3
7 bergeronnette grise - fauvette à tête noire/15 robin à flancs roux.mp3,15 robin à flancs roux.mp3
7 bergeronnette grise - fauvette à tête noire/16 rougequeue à front blanc.mp3,16 rougequeue à front blanc.mp3
7 bergeronnette grise - fauvette à tête noire/17 rougequeue noir.mp3,17 rougequeue noir.mp3
7 bergeronnette grise - fauvette à tête noire/18 rougequeue de Moussier.mp3,18 rougequeue de Moussier.mp3
7 bergeronnette grise - fauvette à tête noire/19 traquet motteux.mp3,19 traquet motteux.mp3
7 bergeronnette grise - fauvette à tête noire/20 traquet motteux africain.mp3,20 traquet motteux africain.mp3
7 bergeronnette grise - fauvette à tête noire/21 traquet isabelle.mp3,21 traquet isabelle.mp3
7 bergeronnette grise - fauvette à tête noire/22 traquet du désert.mp3,22 traquet du désert.mp3
7 bergeronnette grise - fauvette à tête noire/23 traquet oreillard.mp3,23 traquet oreillard.mp3
7 bergeronnette grise - fauvette à tête noire/24 traquet pie.mp3,24 traquet pie.mp3
7 bergeronnette grise - fauvette à tête noire/25 traquet de Chypre.mp3,25 traquet de Chypre.mp3
7 bergeronnette grise - fauvette à tête noire/26 traquet deuil.mp3,26 traquet deuil.mp3
7 bergeronnette grise - fauvette à tête noire/27 traquet à tête blanche.mp3,27 traquet à tête blanche.mp3
7 bergeronnette grise - fauvette à tête noire/28 traquet rieur.mp3,28 traquet rieur.mp3
7 bergeronnette grise - fauvette à tête noire/29 traquet à tête grise.mp3,29 traquet à tête grise.mp3
7 bergeronnette grise - fauvette à tête noire/30 tarier des prés.mp3,30 tarier des prés.mp3
7 bergeronnette grise - fauvette à tête noire/31 tarier pâtre.mp3,31 tarier pâtre.mp3
7 bergeronnette grise - fauvette à tête noire/32 monticole bleu.mp3,32 monticole bleu.mp3
7 bergeronnette grise - fauvette à tête noire/33 monticole de roche.mp3,33 monticole de roche.mp3
7 bergeronnette grise - fauvette à tête noire/34 grive musicienne.mp3,34 grive musicienne.mp3
7 bergeronnette grise - fauvette à tête noire/35 grive mauvis.mp3,35 grive mauvis.mp3
7 bergeronnette grise - fauvette à tête noire/36 grive draine.mp3,36 grive draine.mp3
7 bergeronnette grise - fauvette à tête noire/37 grive litorne.mp3,37 grive litorne.mp3
7 bergeronnette grise - fauvette à tête noire/38 merle noir.mp3,38 merle noir.mp3
7 bergeronnette grise - fauvette à tête noire/39 merle à plastron.mp3,39 merle à plastron.mp3
7 bergeronnette grise - fauvette à tête noire/40 fauvette des jardin.mp3,40 fauvette des jardin.mp3
7 bergeronnette grise - fauvette à tête noire/41 fauvette épervière.mp3,41 fauvette épervière.mp3
7 bergeronnette grise - fauvette à tête noire/42 fauvette à tête noire.mp3,42 fauvette à tête noire.mp3
8 fauvette orphée - gobemouche à demi-collier/01 fauvette orphée occidentale.mp3,01 fauvette orphée occidentale.mp3
8 fauvette orphée - gobemouche à demi-collier/02 fauvette orphée orientale.mp3,02 fauvette orphée orientale.mp3
8 fauvette orphée - gobemouche à demi-collier/03 fauvette babillarde.mp3,03 fauvette babillarde.mp3
8 fauvette orphée - gobemouche à demi-collier/04 fauvette mélanocéphale.mp3,04 fauvette mélanocéphale.mp3
8 fauvette orphée - gobemouche à demi-collier/05 fauvette de Chypre.mp3,05 fauvette de Chypre.mp3
8 fauvette orphée - gobemouche à demi-collier/06 fauvette de Rüppel.mp3,06 fauvette de Rüppel.mp3
8 fauvette orphée - gobemouche à demi-collier/07 fauvette grisette.mp3,07 fauvette grisette.mp3
8 fauvette orphée - gobemouche à demi-collier/08 fauvette à lunettes.mp3,08 fauvette à lunettes.mp3
8 fauvette orphée - gobemouche à demi-collier/09 fauvette passerinette.mp3,09 fauvette passerinette.mp3
8 fauvette orphée - gobemouche à demi-collier/10 fauvette naine.mp3,10 fauvette naine.mp3
8 fauvette orphée - gobemouche à demi-collier/11 fauvette pitchou.mp3,11 fauvette pitchou.mp3
8 fauvette orphée - gobemouche à demi-collier/12 fauvette sarde.mp3,12 fauvette sarde.mp3
8 fauvette orphée - gobemouche à demi-collier/13 fauvette de l'Atlas.mp3,13 fauvette de l'Atlas.mp3
8 fauvette orphée - gobemouche à demi-collier/14 dromoïque du désert.mp3,14 dromoïque du désert.mp3
8 fauvette orphée - gobemouche à demi-collier/15 phragmite des joncs.mp3,15 phragmite des joncs.mp3
8 fauvette orphée - gobemouche à demi-collier/16 phragmite aquatique.mp3,16 phragmite aquatique.mp3
8 fauvette orphée - gobemouche à demi-collier/17 lusciniole à moustaches.mp3,17 lusciniole à moustaches.mp3
8 fauvette orphée - gobemouche à demi-collier/18 cisticole des joncs.mp3,18 cisticole des joncs.mp3
8 fauvette orphée - gobemouche à demi-collier/19 locustelle tachetée.mp3,19 locustelle tachetée.mp3
8 fauvette orphée - gobemouche à demi-collier/20 locustelle fluviatile.mp3,20 locustelle fluviatile.mp3
8 fauvette orphée - gobemouche à demi-collier/21 locustelle luscinioïde.mp3,21 locustelle luscinioïde.mp3
8 fauvette orphée - gobemouche à demi-collier/22 bouscarle de Cetti.mp3,22 bouscarle de Cetti.mp3
8 fauvette orphée - gobemouche à demi-collier/23 rousserolle effarvate.mp3,23 rousserolle effarvate.mp3
8 fauvette orphée - gobemouche à demi-collier/24 rousserolle verderolle.mp3,24 rousserolle verderolle.mp3
8 fauvette orphée - gobemouche à demi-collier/25 rousserolle des buissons.mp3,25 rousserolle des buissons.mp3
8 fauvette orphée - gobemouche à demi-collier/26 rousserolle isabelle.mp3,26 rousserolle isabelle.mp3
8 fauvette orphée - gobemouche à demi-collier/27 rousserolle turdoïde.mp3,27 rousserolle turdoïde.mp3
8 fauvette orphée - gobemouche à demi-collier/28 hypolaïs ictérine.mp3,28 hypolaïs ictérine.mp3
8 fauvette orphée - gobemouche à demi-collier/29 hypolaïs polyglotte.mp3,29 hypolaïs polyglotte.mp3
8 fauvette orphée - gobemouche à demi-collier/30 hypolaïs des oliviers.mp3,30 hypolaïs des oliviers.mp3
8 fauvette orphée - gobemouche à demi-collier/31 hypolaïs pâle.mp3,31 hypolaïs pâle.mp3
8 fauvette orphée - gobemouche à demi-collier/32 pouillot fitis.mp3,32 pouillot fitis.mp3
8 fauvette orphée - gobemouche à demi-collier/33 pouillot siffleur.mp3,33 pouillot siffleur.mp3
8 fauvette orphée - gobemouche à demi-collier/34 pouillot de Bonelli.mp3,34 pouillot de Bonelli.mp3
8 fauvette orphée - gobemouche à demi-collier/35 pouillot véloce.mp3,35 pouillot véloce.mp3
8 fauvette orphée - gobemouche à demi-collier/36 pouillot véloce ibérique.mp3,36 pouillot véloce ibérique.mp3
8 fauvette orphée - gobemouche à demi-collier/36a Pouillot véloce tristis.mp3,36a Pouillot véloce tristis.mp3
8 fauvette orphée - gobemouche à demi-collier/37 pouillot boréal.mp3,37 pouillot boréal.mp3
8 fauvette orphée - gobemouche à demi-collier/38 pouillot verdâtre.mp3,38 pouillot verdâtre.mp3
8 fauvette orphée - gobemouche à demi-collier/39 roitelet huppé.mp3,39 roitelet huppé.mp3
8 fauvette orphée - gobemouche à demi-collier/40 roitelet triple bandeau.mp3,40 roitelet triple bandeau.mp3
8 fauvette orphée - gobemouche à demi-collier/41 gobemouche gris.mp3,41 gobemouche gris.mp3
8 fauvette orphée - gobemouche à demi-collier/42 gobemouche nain.mp3,42 gobemouche nain.mp3
8 fauvette orphée - gobemouche à demi-collier/43 gobemouche noir.mp3,43 gobemouche noir.mp3
8 fauvette orphée - gobemouche à demi-collier/44 gobemouche à collier.mp3,44 gobemouche à collier.mp3
8 fauvette orphée - gobemouche à demi-collier/45 gobemouche à demi-collier.mp3,45 gobemouche à demi-collier.mp3
9 mésange charbonnière - étourneau roselin/01 mésange charbonnière.mp3,01 mésange charbonnière.mp3
9 mésange charbonnière - étourneau roselin/02 mésange noire.mp3,02 mésange noire.mp3
9 mésange charbonnière - étourneau roselin/03 mésange bleue.mp3,03 mésange bleue.mp3
9 mésange charbonnière - étourneau roselin/04 mésange huppée.mp3,04 mésange huppée.mp3
9 mésange charbonnière - étourneau roselin/05 mésange boréale (de plaine).mp3,05 mésange boréale (de plaine).mp3
9 mésange charbonnière - étourneau roselin/06 mésange boréale (alpestre).mp3,06 mésange boréale (alpestre).mp3
9 mésange charbonnière - étourneau roselin/07 mésange nonnette.mp3,07 mésange nonnette.mp3
9 mésange charbonnière - étourneau roselin/08 mésange lapone.mp3,08 mésange lapone.mp3
9 mésange charbonnière - étourneau roselin/09 mésange lugubre.mp3,09 mésange lugubre.mp3
9 mésange charbonnière - étourneau roselin/10 mésange à longue queue.mp3,10 mésange à longue queue.mp3
9 mésange charbonnière - étourneau roselin/11 panure à moustaches.mp3,11 panure à moustaches.mp3
9 mésange charbonnière - étourneau roselin/12 rémiz penduline.mp3,12 rémiz penduline.mp3
9 mésange charbonnière - étourneau roselin/13 sittelle torchepot.mp3,13 sittelle torchepot.mp3
9 mésange charbonnière - étourneau roselin/14 sittelle corse.mp3,14 sittelle corse.mp3
9 mésange charbonnière - étourneau roselin/15 sittelle de Neumayer.mp3,15 sittelle de Neumayer.mp3
9 mésange charbonnière - étourneau roselin/16 tichodrome échelette.mp3,16 tichodrome échelette.mp3
9 mésange charbonnière - étourneau roselin/17 grimpereau des bois.mp3,17 grimpereau des bois.mp3
9 mésange charbonnière - étourneau roselin/18 grimpereau des jardins.mp3,18 grimpereau des jardins.mp3
9 mésange charbonnière - étourneau roselin/19 (Copy of grimpereau des jardins).mp3,19 (Copy of grimpereau des jardins).mp3
9 mésange charbonnière - étourneau roselin/20 pie-grièche écorcheur.mp3,20 pie-grièche écorcheur.mp3
9 mésange charbonnière - étourneau roselin/21 pie-grièche à tête rousse.mp3,21 pie-grièche à tête rousse.mp3
9 mésange charbonnière - étourneau roselin/22 pie-grièche masquée.mp3,22 pie-grièche masquée.mp3
9 mésange charbonnière - étourneau roselin/23 pie-grièche grise.mp3,23 pie-grièche grise.mp3
9 mésange charbonnière - étourneau roselin/24 pie-grièche méridionale.mp3,24 pie-grièche méridionale.mp3
9 mésange charbonnière - étourneau roselin/25 pie-grièche à poitrine rose.mp3,25 pie-grièche à poitrine rose.mp3
9 mésange charbonnière - étourneau roselin/26 tchagra à tête noire.mp3,26 tchagra à tête noire.mp3
9 mésange charbonnière - étourneau roselin/27 cratérope fauve.mp3,27 cratérope fauve.mp3
9 mésange charbonnière - étourneau roselin/28 pie bleue.mp3,28 pie bleue.mp3
9 mésange charbonnière - étourneau roselin/29 pie bavarde.mp3,29 pie bavarde.mp3
9 mésange charbonnière - étourneau roselin/30 pie bavarde africaine.mp3,30 pie bavarde africaine.mp3
9 mésange charbonnière - étourneau roselin/31 geai des chênes.mp3,31 geai des chênes.mp3
9 mésange charbonnière - étourneau roselin/32 mésangeai imitateur.mp3,32 mésangeai imitateur.mp3
9 mésange charbonnière - étourneau roselin/33 cassenoix moucheté.mp3,33 cassenoix moucheté.mp3
9 mésange charbonnière - étourneau roselin/34 choucas des tours.mp3,34 choucas des tours.mp3
9 mésange charbonnière - étourneau roselin/35 crave à bec rouge.mp3,35 crave à bec rouge.mp3
9 mésange charbonnière - étourneau roselin/36 chocard à bec jaune.mp3,36 chocard à bec jaune.mp3
9 mésange charbonnière - étourneau roselin/37 corbeau freux.mp3,37 corbeau freux.mp3
9 mésange charbonnière - étourneau roselin/38 corneille noiremantelée.mp3,38 corneille noiremantelée.mp3
9 mésange charbonnière - étourneau roselin/39 grand corbeau.mp3,39 grand corbeau.mp3
9 mésange charbonnière - étourneau roselin/40 corbeau brun.mp3,40 corbeau brun.mp3
9 mésange charbonnière - étourneau roselin/41 étourneau sansonnet.mp3,41 étourneau sansonnet.mp3
9 mésange charbonnière - étourneau roselin/42 étourneau unicolore.mp3,42 étourneau unicolore.mp3
9 mésange charbonnière - étourneau roselin/43 étourneau roselin.mp3,43 étourneau roselin.mp3
Goeland à bec cerclé 2.mp3,Goeland à bec cerclé 2.mp3
Goeland à bec cerclé.mp3,Goeland à bec cerclé.mp3
Pouillot de Hume.mp3,Pouillot de Hume.mp3
Pouillot de Hume2.mp3,Pouillot de Hume2.mp3
Pouillot de Hume3.mp3,Pouillot de Hume3.mp3
